,Farm Index,Arable Index,Pasture Index,Wood Index,Wheat,Rye,Barley,Oats,Peas,Beans,Potato,Hops Net Tax,Straw,Hay,Cheese,Butter,Milk,Wool,Beef,Mutton,Pork,Bacon,Tallow,Eggs,Firewood,Timber
unit,1860-9 = 100,1860-9 = 100,1860-9 = 100,,s./bu.,s./bu.,s./bu.,s./bu.,s./bu.,s./bu.,s./cwt.,s./cwt.,s./load,s./ton,d./lb.,d./lb.,d./gallon,d./lb.,d./lb.,d./lb.,d./lb.,d./lb.,d./lb.,d./doz.,s./100 faggots,d./ft3
index,farm,arable,pasture,wood,arable,arable,arable,arable,arable,arable,arable,arable,arable,pasture,pasture,pasture,pasture,pasture,pasture,pasture,pasture,pasture,pasture,pasture,wood,wood
1500,8.09,8.81,6.7,3.85,-1,-1,-1,-1,-1,-1,-1,-1,1.28,6.12,0.66,1.07,0.97,2.16,-1,-1,-1,-1,0.55,0.73,8,1.85
1501,9.75,10.77,8.32,3.86,1.06,-1,0.37,0.19,-1,-1,-1,-1,1.31,5.42,-1,1.75,0.97,2.18,-1,-1,-1,-1,0.75,0.69,7.81,1.91
1502,10.21,11.96,8.16,3.9,1.07,-1,0.48,0.22,0.57,0.27,-1,-1,1.31,6.02,0.96,1.12,1.28,2.13,-1,-1,-1,-1,0.75,0.58,7.63,2
1503,9.95,11.87,7.89,3.56,1.15,-1,0.38,0.25,-1,0.28,-1,-1,1.56,6.13,0.94,-1,0.97,2.06,-1,-1,-1,-1,0.76,0.66,7.98,1.59
1504,9.92,11.91,7.72,3.72,0.96,-1,0.48,0.24,0.59,0.38,-1,-1,1.71,6.87,-1,-1,0.97,2.3,-1,-1,-1,-1,0.75,0.7,7.64,1.81
1505,9.87,11.18,7.97,4.29,0.79,-1,0.49,0.27,-1,-1,-1,-1,1.7,7.32,-1,0.97,0.97,2.32,-1,-1,-1,-1,0.75,-1,7.65,2.4
1506,8.94,9.82,7.64,3.63,0.76,-1,0.43,0.21,0.35,0.38,-1,-1,1.23,-1,-1,0.97,1.01,1.97,-1,-1,-1,-1,0.75,0.95,7.31,1.8
1507,8.8,9.18,7.74,4.11,0.77,-1,0.32,0.22,0.48,0.35,-1,-1,1.1,5.29,-1,0.97,1.17,1.92,-1,-1,-1,-1,0.74,0.87,9.24,1.83
1508,8.82,9.62,7.72,3.37,0.77,-1,0.37,0.23,0.42,0.31,-1,-1,1.25,5.91,-1,0.97,0.97,2.16,-1,-1,-1,-1,0.73,0.98,7.05,1.61
1509,7.95,7.64,7.89,3.47,0.41,-1,0.46,0.21,0.48,0.25,-1,-1,1.36,5.38,-1,1.25,0.97,2.39,-1,-1,-1,-1,0.72,0.73,7.12,1.69
1510,7.94,7.31,8.33,3.41,0.44,-1,0.38,0.2,0.46,0.25,-1,-1,1.1,6.66,-1,1.19,1.05,2.54,-1,-1,-1,-1,0.75,0.61,7.28,1.6
1511,8.21,7.9,7.84,4.1,0.59,-1,0.29,0.22,0.37,-1,-1,-1,1.18,7.6,-1,1.26,0.97,2.58,-1,-1,-1,-1,0.63,0.52,7.41,2.27
1512,8.88,9.15,8.03,3.96,0.75,-1,0.32,0.23,0.39,-1,-1,-1,1.28,7,-1,1.17,0.97,2.44,-1,-1,-1,-1,0.71,0.63,8.2,1.91
1513,11.39,15.54,7.75,3.85,1.21,-1,0.74,-1,-1,-1,-1,-1,1.52,5.16,-1,1.17,0.97,2.58,-1,-1,-1,-1,0.71,0.82,7.93,1.87
1514,10.31,12.57,7.96,3.73,0.85,-1,0.68,-1,0.52,-1,-1,-1,1.29,7.08,-1,1.17,0.85,2.54,-1,-1,-1,-1,0.71,0.77,7.68,1.81
1515,8.46,8.81,7.52,3.8,0.68,-1,0.38,-1,0.68,-1,-1,-1,1.39,6.33,0.89,0.56,0.97,2.82,-1,-1,-1,-1,0.71,0.87,7.99,1.81
1516,10.49,12.59,8.21,3.89,0.97,-1,0.6,0.28,0.5,-1,-1,-1,1.36,6.31,-1,1.17,1.05,3.2,-1,-1,-1,-1,0.71,0.62,7.57,2
1517,9.91,9.96,9.2,4.46,0.62,-1,0.49,0.25,0.57,-1,-1,-1,1.66,6.77,-1,1.43,0.97,3.06,-1,-1,-1,-1,0.86,0.62,7.97,2.49
1518,10.67,12.13,8.66,4.48,0.82,-1,0.54,-1,0.71,-1,-1,-1,1.92,9.4,-1,1.17,0.97,3.34,-1,-1,-1,-1,0.71,0.62,8.18,2.45
1519,10.01,11.12,8.47,3.95,0.77,-1,0.46,0.26,0.73,0.38,-1,-1,2.06,7.26,-1,0.97,1.55,2.68,-1,-1,-1,-1,0.71,0.62,8.14,1.92
1520,11.05,13.37,8.61,3.97,1.08,-1,0.54,0.29,0.85,0.73,-1,-1,1.4,8.22,1.06,0.97,1.33,2.99,-1,-1,-1,-1,0.71,0.62,8.31,1.89
1521,12.46,16.51,9.03,3.8,1.25,-1,0.74,0.36,1.13,0.45,-1,-1,2.18,6.16,1.29,1.21,1.41,2.77,-1,-1,-1,-1,0.81,-1,8.3,-1
1522,10.36,13.2,7.5,3.86,1.02,-1,0.57,0.32,0.72,0.32,-1,-1,1.61,5.39,1.11,0.97,1.28,2.44,-1,-1,-1,-1,0.64,-1,8.43,1.77
1523,10.06,11.37,8.36,3.92,0.98,-1,0.4,0.27,0.63,0.4,-1,-1,1.27,5.91,0.64,0.99,1.33,2.89,-1,-1,-1,-1,0.81,0.88,8.45,1.82
1524,9.72,10.6,8.39,3.92,0.9,-1,0.37,0.28,-1,-1,-1,-1,1.28,6.67,-1,0.99,1.21,2.23,-1,-1,-1,-1,0.81,-1,8.09,1.9
1525,9.61,10.41,8.24,4.08,0.71,-1,0.39,0.39,0.71,0.29,-1,-1,1.46,6.38,1,0.78,1.27,2.27,-1,-1,-1,-1,0.81,-1,8.26,2.01
1526,9.39,9.91,8.17,4.32,0.7,-1,0.4,0.28,0.71,0.46,-1,-1,1.27,6.69,0.89,0.97,0.78,2.82,-1,-1,-1,-1,0.81,-1,8.21,2.27
1527,10.93,12.68,8.64,4.6,0.85,-1,0.59,0.33,0.8,0.58,-1,-1,1.76,6.54,-1,1.02,1.21,2.99,-1,-1,-1,-1,0.81,-1,9.18,-1
1528,15.75,23.22,10.54,3.89,2.1,-1,0.93,0.52,1.15,0.78,-1,-1,1.99,7.54,1.26,1.02,2.22,2.61,-1,-1,-1,-1,0.95,2.48,7.77,1.95
1529,12.31,15.53,9.94,3.11,1.25,-1,0.93,0.26,-1,0.62,-1,-1,1.07,5.74,1.09,1.11,-1,2.87,-1,-1,-1,-1,1.06,-1,8.09,1.2
1530,11.84,14.57,9.51,3.49,1.3,-1,0.6,0.33,0.7,0.42,-1,-1,1.13,6.61,0.84,1.04,-1,2.42,-1,-1,-1,-1,1.06,-1,7.76,1.57
1531,11.22,14.81,7.65,4.46,1.36,-1,0.49,0.38,0.56,0.37,-1,-1,1.71,6.05,1.03,0.95,1.26,2.06,-1,-1,-1,-1,0.68,-1,9.3,-1
1532,11.79,15.3,8.79,3.57,1.3,-1,0.61,0.42,-1,0.36,-1,-1,1.59,7.02,1,0.97,-1,2.75,-1,-1,-1,-1,0.82,-1,7.44,1.71
1533,12.88,16.19,9.5,4.77,1.21,-1,0.71,0.4,0.76,0.51,-1,-1,2.16,5.93,-1,0.89,2,3.1,-1,-1,-1,-1,0.82,1.44,7.88,-1
1534,11.55,12.82,9.75,4.65,0.91,-1,0.56,0.35,0.71,0.61,-1,-1,1.61,7.23,-1,0.86,1.76,3.46,-1,-1,-1,-1,0.88,-1,7.69,2.81
1535,12.49,14.14,10.49,4.65,1.21,-1,0.51,0.43,-1,0.43,-1,-1,1.37,6.86,-1,1.17,1.46,3.22,-1,-1,-1,-1,0.97,1.93,7.96,-1
1536,14.09,16.67,11.57,4.6,1.45,-1,0.66,0.38,0.71,0.59,-1,24.48,1.61,8.33,1.19,1.17,1.34,2.87,-1,-1,-1,-1,-1,0.58,7.88,-1
1537,13.11,14.49,11.54,4.55,1.24,-1,0.48,0.42,0.69,0.42,-1,-1,1.78,8.52,1.3,0.97,1.21,3.55,-1,-1,-1,-1,1.26,0.58,7.79,-1
1538,11.34,12.06,9.97,4.82,0.95,-1,0.44,0.33,-1,0.46,-1,-1,1.65,4.94,-1,1.17,1.83,2.77,-1,-1,-1,-1,-1,-1,8.25,2.82
1539,11.22,12.26,9.42,4.99,0.89,-1,0.47,0.36,0.59,0.49,-1,-1,1.92,6.43,-1,1.04,1.36,2.56,-1,-1,-1,-1,-1,-1,8.35,2.98
1540,11.44,12.82,9.72,4.27,0.93,-1,0.6,0.33,-1,0.46,-1,18.25,1.59,6.53,-1,-1,1.58,2.65,-1,-1,-1,-1,-1,-1,8,2.28
1541,13.64,14.19,12.93,4.77,1.1,-1,0.59,0.42,-1,0.48,-1,-1,1.62,9.05,-1,-1,1.83,4.5,-1,-1,-1,-1,-1,-1,9.33,2.44
1542,12.41,14.18,10.46,4.33,1.13,-1,0.57,0.35,0.73,0.6,-1,15.82,1.67,8.88,-1,-1,1.46,3.67,-1,-1,-1,-1,1,-1,8.31,2.26
1543,13.08,15.05,10.54,5.29,1.17,-1,0.69,0.38,1.15,0.58,-1,21.96,1.2,8.94,-1,-1,-1,-1,-1,-1,-1,-1,-1,-1,9.83,2.85
1544,13.59,14.38,13.53,3.59,1.41,-1,0.4,0.37,0.76,0.53,-1,23.98,1.52,8.34,-1,-1,-1,3.55,-1,-1,-1,-1,-1,-1,8.8,-1
1545,15.25,18.77,12.9,3.65,1.64,-1,-1,0.44,0.93,0.65,-1,25.78,1.52,8.06,-1,-1,1.46,3.34,-1,-1,-1,-1,1.65,-1,8.95,-1
1546,18.64,24.35,15.49,3.54,2.2,-1,1.01,0.56,1.05,0.69,-1,-1,1.83,7.86,-1,-1,2.18,4.26,-1,-1,-1,-1,-1,1.75,8.68,1.44
1547,14.8,14.44,16.39,3.83,0.95,-1,0.7,0.43,0.65,0.51,-1,31.25,1.84,7.59,1.41,1.76,1.7,2.99,0.91,-1,-1,-1,-1,1.6,6.02,2.44
1548,14.19,11.72,17.98,4.93,0.8,-1,0.45,0.36,0.6,0.49,-1,-1,1.86,7.2,-1,2.18,2.17,2.84,1.03,-1,-1,-1,-1,1.46,9.2,-1
1549,16.37,15.06,18.29,5.47,1.26,-1,0.46,0.44,0.76,0.53,-1,42.09,2.01,12.09,1.48,1.98,2.43,-1,1.3,-1,-1,-1,1.15,1.69,10.22,2.93
1550,20.63,23.15,18.99,5.55,2.01,-1,0.57,0.98,1.81,1.05,-1,47.19,2.43,12.5,1.68,2.31,2.6,3.98,-1,-1,-1,-1,-1,1.75,11.69,2.64
1551,24.03,28.13,22.17,5.18,2.62,-1,0.91,0.75,1.31,1.21,-1,-1,2.77,15.25,-1,-1,2.72,6.66,-1,-1,-1,-1,-1,2.91,9.43,2.85
1552,20.6,21.02,19.93,7.32,1.97,-1,0.46,0.69,1.47,1.03,-1,-1,3.42,12.14,-1,-1,3.16,6.35,-1,-1,-1,-1,-1,-1,10.66,5.03
1553,20.12,20.29,20.14,6.6,1.47,-1,0.78,0.68,0.88,0.85,-1,-1,2.97,14.42,-1,-1,2.7,4.55,-1,-1,-1,-1,-1,2.33,11.9,3.66
1554,21.55,22.48,20.33,7.58,1.49,-1,0.92,0.83,1.44,0.71,-1,22.01,3.52,11.75,-1,3.26,2.91,2.94,-1,-1,-1,-1,-1,2.04,13.08,4.4
1555,28.42,34.17,23.45,8.39,1.95,-1,-1,0.84,1.64,0.84,-1,-1,4.19,21.15,-1,-1,3.21,3.93,-1,-1,-1,-1,-1,2.91,13.35,5.28
1556,32.34,41.03,26.84,7.14,3.1,-1,2.66,0.91,2.73,1.69,-1,26.48,2.24,18.79,-1,2.81,3.4,3.79,-1,-1,-1,-1,3.4,2.48,11.56,-1
1557,32.6,43.77,25.72,6.63,2.9,-1,2.12,1.66,3.57,2.42,-1,36.9,3.7,-1,-1,-1,3.7,6.21,-1,-1,-1,-1,-1,2.91,10.73,4.09
1558,20.43,18.94,22.73,6.7,1.3,-1,0.78,0.57,1.22,0.62,-1,24.11,3.06,12.12,2.32,-1,3.24,6.44,1.14,-1,-1,-1,2.75,2.65,11.71,3.83
1559,22.41,24.26,20.64,7.2,1.71,-1,1.34,0.6,0.93,0.78,-1,25.26,2.58,10.48,2.36,2.06,3.15,3.39,-1,-1,-1,-1,2.52,2.45,14.48,3.58
1560,22.38,22.08,23.35,6.95,1.79,-1,-1,0.6,1.2,0.84,-1,31.12,3.33,15.58,1.8,3.04,3.54,4.43,-1,-1,-1,-1,-1,3.6,12.92,3.73
1561,25.27,27.43,22.62,9,2.15,-1,1,0.81,1.37,1.32,-1,40.23,3.29,16.7,-1,2.84,3.24,3.63,-1,-1,-1,-1,-1,2.36,17.36,4.67
1562,25.45,27.79,24.24,6.86,2.18,-1,0.79,0.89,2.37,1.28,-1,42.81,4.77,20.63,-1,2.84,3.64,5.21,-1,-1,-1,-1,2.39,2.48,10.34,4.55
1563,27.04,31.3,23.56,7.76,2.14,-1,1.22,0.79,2.21,1.37,-1,38.6,6.94,19.8,2.12,3.35,3.65,3.55,1.29,-1,-1,-1,1.67,2.91,12.16,4.96
1564,28.01,31.05,26.11,7.62,2.44,-1,1.05,0.75,1.57,1.17,-1,85.66,5.3,20.91,2.51,2.85,3.41,4.08,1.25,-1,-1,-1,3.49,2.61,12.04,4.83
1565,22.58,22.65,23.14,6.94,1.6,-1,1.04,0.54,1.01,0.68,-1,38.34,3.57,16.64,1.85,2.53,3.26,3.79,1.21,-1,-1,-1,2.78,3.31,10.83,4.44
1566,24.78,25.07,24.97,7.81,1.81,-1,0.94,0.84,1.3,1.06,-1,24.09,3.76,19.09,2.08,2.4,3.16,5.19,1.29,-1,-1,-1,2.92,2.51,14.13,4.32
1567,23.75,24.76,23.04,7.48,1.73,-1,0.91,0.75,1.4,1,-1,53.37,4.29,23.49,1.96,2.27,3.15,-1,-1,-1,-1,-1,2.36,2.18,12.33,4.53
1568,26.65,28.65,25.97,7.07,1.61,-1,1.68,0.84,1.65,1.07,-1,64.44,4.35,24.74,2.04,2.33,3.15,6.47,-1,-1,-1,-1,2.73,2.7,12.4,4.04
1569,27.09,27.74,26.74,8.73,1.71,-1,1.37,0.81,1.43,1.09,-1,60.41,4.35,21.68,2.15,2.49,2.93,5.47,1.71,-1,-1,-1,2.09,2.61,16.69,4.57
1570,23.07,22.28,23.5,8.78,1.71,-1,0.75,0.68,1.18,0.76,-1,80.78,3.01,16.02,1.83,2.96,2.66,5.52,1.25,-1,-1,-1,2.5,2.33,17.27,4.46
1571,22.24,20.94,23.5,8.31,1.48,-1,0.75,0.67,1.13,0.73,-1,54.63,3.44,15.58,2.04,-1,2.91,4.36,1.21,-1,-1,-1,2.72,3.78,14.21,4.86
1572,24.66,25.6,23.88,8.02,1.89,-1,1,0.71,1.16,0.7,-1,63.93,3.89,16.05,1.95,2.84,2.91,5.54,1.23,-1,-1,-1,2.66,2.52,14.63,4.39
1573,25.19,28.01,22.89,7.48,2.06,-1,1.05,0.75,2.01,1.2,-1,54.29,4.2,20.54,1.78,-1,-1,4.67,1.22,-1,-1,-1,2.64,-1,13.29,4.21
1574,30.36,36.77,26.71,6.7,2.92,-1,1.52,0.88,2.16,1.53,-1,57.1,3.86,17.25,2.63,3.1,2.95,5.19,1.45,-1,-1,-1,2.92,3.52,12.12,3.7
1575,25.21,25.8,25.44,7.46,1.97,-1,0.94,0.72,1.75,1.15,-1,40.28,3.44,23.57,1.91,2.14,2.91,5.35,1.38,-1,-1,-1,2.74,2.25,13.02,4.27
1576,26.96,28.48,26.3,7.8,2.19,-1,1.2,0.73,1.36,0.89,-1,42.63,3.39,20.37,2.4,2.62,2.85,5.43,1.41,-1,-1,-1,2.92,-1,12.47,4.88
1577,28.88,31.4,27.21,8.31,2.45,-1,1.27,0.78,1.43,1.09,-1,43.99,4.04,20.58,2.38,3.11,3.07,5.95,1.43,-1,-1,-1,2.78,2.65,14.76,4.68
1578,27.59,28.55,27.16,8.51,2.2,-1,1.11,0.77,1.49,1.04,-1,37.49,3.73,21.07,1.99,3.2,3.02,6.02,1.46,-1,-1,-1,2.92,2.19,15.06,4.81
1579,26.13,26.5,27.19,7.16,2.1,-1,1.01,0.61,1.5,0.85,-1,37.47,3.98,18.12,2.14,2.85,3.4,6.21,1.43,-1,-1,-1,3.28,2.68,12.94,3.96
1580,26.66,27.15,26.61,8.42,1.88,-1,0.99,0.85,1.64,1.07,-1,81.17,4.54,23.48,2.18,2.6,3.11,6.63,1.4,-1,-1,-1,2.46,1.94,14.17,5.01
1581,28.91,32.38,25.82,8.87,2.53,-1,1.34,0.68,1.45,0.99,-1,57.16,4.9,17.82,2.15,2.68,3.1,6.09,1.34,-1,-1,-1,3.09,2.11,15.44,5.09
1582,28.27,30.38,26.75,8.49,2.37,-1,1.09,0.75,1.74,1.18,-1,54.13,4.67,20.37,2.21,2.64,4.1,5.54,1.41,-1,-1,-1,2.75,1.88,15.25,4.72
1583,27.76,28.75,27.34,8.51,2.11,-1,1.07,0.83,1.67,1.12,-1,44.11,4.45,23.17,2.23,3.12,3.82,6.28,1.31,-1,-1,-1,2.83,1.92,13.91,5.21
1584,27.91,28.26,28.5,8.31,1.94,-1,1.12,0.86,1.74,1.19,-1,43.79,4.62,28.68,2,3.06,3.4,5.54,1.38,-1,-1,-1,3.39,2.36,14.41,4.79
1585,28.45,31.62,25.41,9.08,2.5,-1,1.1,0.9,1.77,1.1,-1,46.57,4.46,16.81,2.25,2.7,3.01,5,1.41,-1,-1,-1,2.91,2.41,15.89,5.19
1586,34.29,42.67,27.14,10.08,3.53,-1,1.49,1.24,2.55,1.68,-1,57.26,4.58,14.82,-1,2.88,3.37,5.07,1.72,-1,-1,-1,2.93,2.23,16.91,6.01
1587,34.28,39.35,30.72,9.17,3.2,-1,1.22,1.34,2.64,1.81,-1,49.65,4.7,24.34,2.74,3.39,3.58,4.24,1.78,-1,-1,-1,3.23,3.4,15.63,5.38
1588,29.06,29.74,28.62,9.48,2.04,-1,1.24,1.06,1.71,1.16,-1,42.64,3.59,16.89,2.32,2.98,3.29,4.43,1.83,-1,-1,-1,3.58,2.37,16.12,5.57
1589,28.18,29.85,27.67,7.81,2.27,-1,1,1.15,2.03,1.29,-1,54.98,3.2,15.03,2.04,3.07,3.07,5.14,1.79,-1,-1,-1,3.37,2.3,15.72,3.89
1590,35.38,39.27,33.22,9.28,2.83,-1,1.54,1.32,2.35,1.54,-1,85.45,4.44,33.93,2.38,3.8,3.47,5.92,1.78,-1,-1,-1,3.44,2.38,16.53,5.22
1591,37.17,42.3,34.53,9.01,2.6,-1,1.91,1.6,3.44,2.22,-1,35.28,6.16,26.32,2.69,3.39,3.26,7.37,2.04,-1,-1,-1,3.86,2.5,16.09,5.05
1592,31.89,31.22,33.94,9.51,2.03,-1,1.16,1.18,2.12,1.44,-1,65.78,5.12,21.78,-1,3.98,2.91,7.63,2.12,-1,-1,-1,3.6,3.11,16.26,5.55
1593,31.6,31.08,33.71,9.14,2.34,-1,1.01,0.88,1.79,1.19,-1,90.5,5.43,29,-1,3.03,3.22,7.91,1.92,-1,-1,-1,3.78,2.35,16.02,5.21
1594,34.91,40.31,30.32,10.28,3.32,-1,1.45,0.92,1.86,1.3,-1,45.7,6.5,21.08,1.64,3.02,3.39,8.15,1.8,-1,-1,-1,3.51,2.41,19.44,5.43
1595,42.25,54.75,33.75,9.78,4.25,-1,2,1.62,2.92,1.95,-1,40.54,8.17,29.7,2.32,3.1,3.48,8.2,1.91,-1,-1,-1,3.49,2.35,15.57,6.14
1596,43.61,57.07,34.11,10.45,4.78,-1,2.14,1.54,2.54,1.82,-1,62.5,6.3,28.63,-1,3.12,3.79,7.7,1.82,-1,-1,-1,3.74,3.48,20.31,5.37
1597,49.19,70.89,36.08,9.4,5.84,-1,2.96,1.84,3.66,2.77,-1,42.91,7.05,25.9,3.26,4.04,3.67,7.68,1.99,-1,-1,-1,3.78,3.52,19.4,4.56
1598,43.55,57.93,35.19,8.44,4.88,-1,2.2,1.43,3.27,2.26,-1,46.65,6.48,20.11,3.43,3.34,3.94,6.61,2.15,-1,-1,-1,4.05,3.74,19.52,3.65
1599,36.07,39.94,34.98,8.43,3.03,-1,1.63,1.15,2.03,1.27,-1,41.69,5.07,24.23,-1,3.48,3.8,6.85,2.07,-1,-1,-1,4.1,2.51,20.03,3.55
1600,38.1,41.86,37.51,8.71,3.2,-1,1.78,0.92,2.12,1.21,-1,51.52,6.49,35.76,-1,3.33,3.81,6.54,2.2,-1,-1,-1,4.02,3.27,19.9,3.81
1601,41.32,47.97,37.81,9.6,3.25,-1,1.95,1.6,2.96,1.88,-1,54.41,7.37,37.59,-1,3.69,3.7,7.01,2.01,-1,-1,-1,4.32,3.51,18.6,4.96
1602,37.16,38.54,36.62,11.3,2.92,-1,1.44,0.83,2.94,2,-1,99.08,5.87,32.38,3.43,4.05,3.63,7.53,1.95,2.05,-1,-1,4.11,2.82,20.91,6.1
1603,35.39,36.46,34.9,11.11,2.98,-1,1.19,0.84,2.06,1.3,-1,169.39,5.34,29.51,2.5,3.42,3.7,8.77,1.78,2.28,-1,-1,3.67,3.06,21.28,5.8
1604,36.87,38.18,36.76,10.79,3.01,-1,1.26,1.01,2.11,1.36,-1,104.8,6.03,30.13,3.77,3.46,3.65,9.76,1.82,2.28,-1,-1,3.78,2.22,20.78,5.6
1605,38.78,41.74,36.9,11.28,3.25,-1,1.58,1.14,1.89,1.36,-1,90.31,5.3,38.15,2.4,3.5,3.4,8.79,2.07,2.28,-1,-1,3.82,2.42,22.7,5.6
1606,39.28,43.55,35.73,11.77,3.09,-1,1.58,1.18,2.19,1.6,-1,95.4,8.88,31.82,2.06,3.8,3.76,8.58,1.91,2.28,-1,-1,4.11,2.91,21.71,6.38
1607,40.04,42.75,37.61,12.75,3.35,-1,1.58,1.1,2.27,1.25,-1,89.58,6.02,35.3,2.74,3.74,3.95,8.43,2,2.28,-1,-1,4.07,2.8,24.8,6.55
1608,47.13,56.74,39.56,12.91,4.88,-1,2.04,1.19,2.55,1.54,-1,128.86,7.72,42.19,2.74,3.95,3.99,8.62,2.14,2.28,-1,-1,4.09,3.25,25.03,6.66
1609,48.31,58.58,39.4,14.34,4.72,-1,2.18,1.64,2.97,2.17,-1,66.54,6.97,40.53,3.09,4.01,3.88,7.91,2.2,2.28,-1,-1,3.98,3.07,25.62,8.02
1610,42.87,47.96,37.57,14.28,3.56,-1,1.83,1.29,2.94,1.74,-1,58.04,7.66,37.86,2.54,3.72,4.48,7.04,2.06,2.28,-1,-1,4.01,2.64,25.59,7.97
1611,43.08,47.27,38.79,14.17,3.83,-1,1.68,1.32,2.43,1.57,-1,29.86,7.09,34.17,3.43,3.85,4.85,6.42,2.1,2.28,-1,-1,4.52,3.13,25.77,7.79
1612,48.68,58.27,40.15,14.74,4.12,-1,2.09,1.82,3.21,2.53,-1,38.23,12.42,40.34,3.43,4.07,4.69,7.11,2.11,2.28,-1,-1,4.19,3.76,26.19,8.3
1613,49.12,61.04,39.5,13.65,4.62,-1,2.29,1.53,3.2,2.71,-1,57.71,10.65,36.27,3.09,4.02,5.02,6.78,2.19,2.39,-1,-1,4.08,3.09,21.89,8.51
1614,49.05,59.94,39.5,14.74,4.69,-1,2.31,1.67,3.17,-1,-1,50.91,7.38,34.95,-1,4.04,4.1,7.34,2.36,2.5,-1,-1,4.07,0.97,24.52,8.86
1615,50.16,56.87,44.6,14.74,4,-1,2.26,1.71,3.07,2.68,-1,76.77,8.67,48.48,4.45,4.03,4.55,8.15,2.51,2.5,-1,-1,4.17,3,27.85,7.8
1616,50.47,58.95,44.11,13.69,4.02,-1,2.19,2.04,3.84,2.23,-1,67.1,10.53,47.15,-1,4.04,4.32,8.79,2.54,2.5,-1,-1,4.2,3.29,23.68,7.91
1617,47.4,55.9,41.79,11.85,4.75,-1,1.89,1.27,2.64,1.72,-1,76.39,8.96,39.16,2.85,3.94,4.32,9.95,2.54,2.5,-1,-1,3.91,2.88,23.31,6.02
1618,47.05,52.65,42.67,13.64,4.49,-1,1.84,1.23,2.05,1.32,-1,75.08,7.96,38.69,4.11,3.85,4.32,9.48,2.44,2.5,-1,-1,4,2.94,23.85,7.8
1619,44.62,47.17,43.14,13.29,3.56,-1,1.6,1.24,2.16,1.49,-1,111.34,9.42,37.08,4.11,3.76,4.32,10.14,2.52,2.5,-1,-1,4.23,3.27,23.58,7.49
1620,42.27,41.16,44.27,13.79,2.92,-1,1.38,1.24,2.17,1.7,-1,97.06,8.47,46.02,4.11,4.09,4.32,9.55,2.46,2.5,-1,-1,4.16,2.94,24.82,7.67
1621,43.56,45.55,42.32,13.46,3.46,-1,1.5,1.1,2.38,1.76,-1,123.19,9.62,44.73,3.77,3.84,4.34,8.01,2.34,2.5,-1,-1,4.13,2.85,25.05,7.23
1622,50.62,62.77,40.58,14.38,4.93,-1,2.41,1.36,3.27,2.48,-1,101.8,9.8,43.38,3.43,3.9,4.32,7.49,2.18,2.5,-1,-1,3.66,3,26,7.96
1623,49.35,61.3,39.31,14.27,5.06,3.12,2.39,1.25,2.7,1.87,-1,94.04,8.95,43.18,3.09,3.95,-1,6.33,2.15,2.5,-1,-1,3.39,2.35,26.95,7.56
1624,46.1,52.49,40.64,13.73,4.33,3.12,1.89,1.25,2.35,1.74,-1,48.03,8.34,38.41,-1,3.96,5.02,7.49,2.35,2.5,-1,-1,3.87,3.28,22.61,8.33
1625,47.07,56.47,39.42,13.27,4.81,3.47,2,1.32,2.68,1.85,-1,39.97,8.72,35.4,-1,3.54,4.32,7.72,2.53,2.5,-1,-1,3.99,3.17,25.42,6.93
1626,49.14,57.68,41.69,14.66,4.55,3.47,2.16,1.64,2.98,1.96,-1,44.19,8.26,37.54,3.43,3.55,-1,8.96,2.48,2.5,-1,-1,4.04,-1,26.09,8.23
1627,43.22,44.69,41.56,14.73,3.57,3.22,1.56,0.98,1.87,1.53,-1,68.04,8.26,33.47,3.16,3.6,5.83,8.93,2.5,2.5,-1,-1,4.13,2.58,26.56,8.17
1628,43.79,45.38,41.07,16.27,3.21,3.15,1.66,1.24,2.43,1.92,-1,98.05,8.32,34.28,3.09,3.78,4.32,9.88,2.46,2.5,-1,-1,4.18,2.84,30.62,8.65
1629,48.65,54.75,42.67,15.66,3.82,3.25,2.2,1.34,3.15,2.62,-1,165.95,8.99,-1,3.75,3.81,-1,9.64,2.46,2.5,-1,-1,4.22,2.75,30.16,8.13
1630,55.22,69.81,44.04,14.53,5.15,-1,2.74,1.86,3.78,2.28,-1,65.71,11.48,48.75,4.11,4.15,4.32,-1,2.39,2.5,-1,-1,4.02,3.13,27.57,7.66
1631,58.16,78.33,42.04,16.55,5.92,-1,3.13,2.07,4.86,-1,-1,59.98,9.9,37.82,3.43,3.84,4.32,9.31,2.38,2.5,-1,-1,4.07,5.12,28.24,9.7
1632,49.88,60.9,40.25,14.91,5.08,4.69,2.21,1.36,2.74,2.35,-1,68.88,8.65,31.95,-1,3.99,4.32,9.6,2.43,2.5,-1,-1,4.05,3.73,25.61,8.68
1633,51.41,62.05,41.87,15.68,4.89,4.7,2.38,1.43,2.66,2.14,-1,102.33,8.88,39.43,-1,4.03,-1,9.6,2.42,2.5,-1,-1,4.12,3.38,27.27,9.02
1634,55.29,66.75,45.66,15.96,4.99,5.1,2.66,1.63,3.43,2.98,-1,101.94,9.69,52.57,3.3,4.12,-1,9.5,2.61,2.5,-1,-1,4.49,2.94,28.45,8.95
1635,55.36,64.2,48.6,15.29,4.96,4.69,2.41,1.52,3.26,-1,-1,100.63,9.7,64.51,4.19,4.12,4.32,10.07,2.78,2.5,-1,-1,4.64,3.41,27.22,8.59
1636,55.42,65.07,47.26,16.15,4.85,2.71,2.58,1.62,3.64,2.98,-1,98.56,10.35,50.53,3.84,4.57,4.32,10.14,2.61,2.63,-1,2.95,4.31,3.68,28.63,9.11
1637,60.54,73.16,51.03,16.02,4.97,4.7,3.28,1.92,4.61,4.13,-1,98.08,11.32,64.61,5.72,4.78,4.58,10.05,2.66,2.73,-1,-1,4.21,3.55,27.45,9.35
1638,61.66,74.99,50.48,17.75,5.02,-1,3.31,1.93,4.74,-1,-1,88.98,12.47,48.03,4.15,5.11,6.47,9.93,2.78,-1,-1,-1,4.4,3.45,31.91,9.87
1639,51.66,56.98,46.2,17.03,4.17,5.09,2.3,1.43,3.14,-1,-1,60.57,8.86,41.02,3.52,4.59,-1,9.55,2.75,2.73,-1,-1,4.45,2.9,30.8,9.42
1640,47.21,49.68,43.33,17.72,3.76,-1,2.03,1.14,2.2,-1,-1,58.63,8.1,44.26,-1,4.07,4.41,8.79,2.68,2.73,-1,-1,3.97,3.18,32.94,9.53
1641,52.19,58.94,44.94,17.79,4.38,-1,2.21,1.47,2.99,3.34,-1,81.44,10.05,44.97,-1,4.25,5.34,8.25,2.68,2.73,-1,-1,4.39,2.94,33.82,-1
1642,49.65,53.69,45.42,16.49,3.99,-1,2.09,1.33,2.27,1.85,-1,107.15,9.28,51.06,3.33,4.15,4.74,7.98,2.61,-1,-1,-1,4.33,3.09,31.36,-1
1643,50.28,54.39,46.24,16.34,4.07,-1,1.83,1.57,2.84,1.76,-1,196.72,9.12,60.83,3.46,4.22,4.32,-1,2.6,-1,-1,2.82,3.86,3.21,31.07,8.59
1644,48.27,51.94,43.75,17.08,4.06,-1,1.93,1.11,1.89,2.28,-1,85.61,9.8,41.04,3.09,4.32,5.94,8.06,2.61,-1,8,2.55,4.27,3.17,37.1,7.86
1645,47.96,54.43,41.98,14.93,4.08,-1,2.14,1.26,2.71,2.04,-1,71.29,9.91,41.45,2.91,4.59,4.05,-1,2.59,-1,9,-1,3.49,2.77,30.7,7.26
1646,51.11,58.73,43.64,16.52,4.55,-1,2.38,1.53,2.58,1.56,-1,49.7,8.87,42.15,2.51,4.59,5.94,-1,2.64,-1,-1,2.71,3.95,2.62,30.81,8.86
1647,62.66,77.69,49.59,18.77,6.34,-1,3.19,1.72,3.3,3.15,-1,63.19,10.15,44.28,-1,5.05,-1,10.12,2.93,2.73,-1,3.91,4.62,-1,38.35,9.19
1648,72.15,93.16,57.49,17.16,7.41,-1,3.52,2.46,4.64,3.07,-1,102.06,12.8,54.61,7.31,5.49,-1,11.78,3.1,2.73,-1,2.9,4.57,-1,37,7.96
1649,70.27,84.21,59.48,19.07,6.83,-1,3.27,2.01,4.89,2.68,-1,101.95,10.74,66.27,6.39,6.39,-1,10.12,3.43,2.73,-1,2.91,4.79,-1,34.13,10.65
1650,69.56,82.61,66.25,12.32,6.63,-1,2.71,2.41,5.59,2.38,-1,179.7,11.38,81.47,7.31,6.28,6.94,-1,3.31,3.8,-1,3.11,4.38,3.52,21.53,7.05
1651,61.13,66.5,58.79,16.15,5.89,-1,2.35,1.42,3.22,2.02,-1,46.05,9.9,50.69,6.39,5.09,-1,13.73,2.83,4.09,-1,-1,4.34,3.52,30.71,8.49
1652,56.7,64.31,50.33,16.73,4.92,-1,2.27,1.73,3.98,-1,-1,114.99,9.11,49.34,-1,4.94,3.96,12.58,2.8,3.86,-1,-1,4.82,-1,30.32,9.23
1653,54.74,57.29,51.92,18.52,3.7,-1,2.14,2.05,4.4,4,-1,72.62,10.01,62.16,2.72,4.53,7.77,8.96,2.84,3.41,-1,-1,4.68,3.29,29.89,11.48
1654,44.61,42.49,46.44,16.67,2.81,-1,1.59,1.23,3.21,1.67,-1,117.3,8.86,50.28,2.69,4.59,-1,-1,2.56,3.17,-1,-1,4.27,-1,28.83,9.63
1655,42.3,41.97,40.96,17.21,2.68,-1,1.64,1.13,2.56,1.67,-1,136.3,9.99,42.27,-1,4.11,-1,-1,2.42,2.97,-1,1.88,3.91,-1,28.94,-1
1656,51,56.07,43.85,19.99,4.16,3.39,2.09,1.31,2.9,2.24,-1,134,9.98,46.33,-1,4.84,-1,9.44,2.43,2.97,-1,1.88,3.91,-1,33.62,11.89
1657,55.9,63.81,45.38,22.85,4.5,3.91,2.55,1.59,3.67,2.08,-1,177.9,10.87,45.45,3.37,5.01,-1,9.63,2.67,2.97,-1,1.92,4.14,-1,30.74,16.98
1658,59.03,69.35,49.17,18.84,5.72,3.91,2.58,1.59,3.45,2.76,-1,105.17,9.02,44.63,3.21,5.39,-1,9.72,2.74,3.32,-1,3.01,4.61,-1,26.76,13.26
1659,62.81,74.36,51.22,21.02,6.07,-1,2.86,2.11,3.51,2.38,-1,104.38,7.97,47.9,3.58,5.67,-1,9.05,3.03,3.2,-1,-1,4.84,-1,31.83,13.89
1660,57.58,67.41,48.64,17.71,5.52,3.47,2.58,1.55,3.42,2.46,-1,71.75,9.61,50.04,3.06,5.02,4.14,8.01,3.04,3.26,12,3.24,5.29,2.85,28.74,10.91
1661,61.12,73.1,49.34,20.23,6.21,6.25,2.95,1.5,3.15,1.63,-1,77.12,9.16,43.25,3.18,4.91,4.14,11.34,2.91,3.26,12,3.24,5.44,3.49,36.24,11.3
1662,64.31,81.26,49.09,20.25,7.24,4.17,3.09,1.95,3.65,2.27,-1,62.53,8.8,43.24,3.06,4.77,5.66,10.58,2.93,3.09,10.67,2.92,5.36,3.24,35.04,11.7
1663,58.97,66.09,51.8,19.26,5.1,-1,2.62,1.67,3.34,2.25,-1,64.58,9.55,58.76,3.21,4.72,5.49,12.77,2.93,3.09,10,2.64,5.11,3.57,34.23,10.84
1664,57.01,62.48,51.38,18.83,5.04,-1,2.19,1.52,3.19,2.39,-1,104.04,9.25,45.33,3.21,4.87,6.01,10.68,2.98,3.23,10.73,3.41,5.45,3.55,31.26,11.34
1665,53.04,55.28,48.84,20.67,4.18,3.12,2.03,1.47,2.28,1.64,-1,86.2,9.84,51.72,2.75,5.17,4.91,8.48,3.09,3.41,10,2.45,5.2,4.08,37.06,11.52
1666,51.27,51.56,48.8,20.89,3.42,1.74,1.78,1.46,2.94,1.99,-1,135.91,15.2,51.98,3,5.09,4.14,-1,2.84,3.15,10,3,5.37,3.32,35.47,12.3
1667,48.3,46.14,48.69,20.25,3.19,1.96,1.83,1.15,2.25,2.15,-1,78.19,10.3,39.87,-1,5.08,5.67,-1,2.77,3.29,10,3,5.18,3.53,35.95,11.4
1668,48.85,47.06,48.16,21.47,3.43,2.21,1.88,1.37,2.34,1.81,-1,76.04,6.79,38.41,3.18,5.27,6.8,8.48,2.72,3.32,-1,-1,4.54,3.52,37.73,12.22
1669,53.13,56.61,48.39,19.35,4.45,3.12,2.25,1.28,2.48,1.95,-1,69.44,8.96,41.81,2.54,5.08,6.47,14.77,2.65,3.15,-1,-1,3.61,3.75,31.21,11.99
1670,49.92,53.49,45.55,17.53,4,3.12,2.07,1.34,2.86,2.29,-1,75.8,8.61,35.8,-1,5.07,5.3,8.86,2.76,3.23,9,2.51,4.29,3.87,35.36,8.69
1671,50.43,53.03,47.31,17.44,4.11,-1,1.79,1.44,3.34,2.33,-1,68.3,8.33,51.77,2.85,4.91,5.17,-1,2.72,3.06,9,2.51,4.37,3.7,36.9,8.24
1672,50.59,49.06,49.22,22.65,3.81,-1,1.76,1.19,2.33,1.92,-1,71.85,8.17,48.01,2.97,4.85,5.6,15.92,2.7,3.06,9,2.51,3.88,3.24,37.38,13.72
1673,53.64,56.22,48.22,22.33,4.24,3.65,2.03,1.3,3.06,1.99,-1,144.42,9.89,53.19,3,4.89,5.9,9.15,2.82,2.91,9,2.51,4.69,3.44,36.91,13.51
1674,60.55,72.36,47.85,21.93,6.06,4.86,2.77,1.43,3.72,2.78,-1,112,9.53,44.11,3.7,5.06,6.12,7.82,2.76,3.2,9,2.51,4.56,3.7,39.07,12.31
1675,56.5,64.89,46.53,21.17,5.24,3.39,2.35,1.53,2.96,2.31,-1,104.24,9.9,43.82,3.33,5.03,4.76,8.2,2.91,3.06,9,2.51,4.62,3.82,36.84,12.16
1676,48.82,48.96,46.47,20.17,3.52,2.34,1.88,1.33,2.76,2,-1,122.37,7.82,48.87,-1,4.75,-1,6.96,2.75,3.12,-1,-1,4.3,3.57,35,11.62
1677,52.83,54.98,48.14,21.58,3.82,3.47,2.26,1.5,3.29,2.29,-1,75.41,9.58,52.32,2.54,4.8,-1,13.73,2.78,3.12,9,2.51,4.71,3.76,38.22,12.19
1678,52.14,60.24,43.42,18.11,4.91,2.6,2.2,1.44,2.94,2.5,-1,60.6,9.56,43.06,2.63,4.85,-1,5.62,2.81,3.12,9,2.85,4.53,3.49,28.65,11.45
1679,53.39,60.17,44.83,20.33,5.19,2.34,2.05,1.38,2.58,1.87,-1,54.06,10.32,41.59,2.78,4.91,-1,-1,2.86,3.06,9,2.51,4.11,3.54,34.66,11.92
1680,50.91,51.68,48.12,20.38,4.17,2.08,1.8,1.28,2.92,2.1,-1,43.64,9.49,55.93,2.48,4.94,7.77,7.43,2.73,3.06,9,2.75,4.11,3.54,36.94,-1
1681,53.97,59.14,46.72,20.96,4.55,4.17,2.12,1.51,2.78,2.08,-1,99.38,9.69,53.47,2.48,4.8,-1,10.68,2.88,3.06,9,2.51,4.31,3.54,37.99,11.56
1682,53.66,59.74,45.71,20.49,4.16,3.47,2.42,1.63,3.32,2.76,-1,112,9.82,46.65,2.63,4.93,-1,8.77,2.92,3.06,9,2.64,4.21,3.87,33.7,12.46
1683,53.28,54.47,49.58,21.89,4,2.6,2.08,1.43,3.42,2.24,-1,89.18,9.14,44.75,2.66,4.81,11.65,-1,2.7,3.12,9,2.51,4.14,3.54,36.23,13.22
1684,56.15,57.82,52.15,22.45,4.24,3.43,2.18,1.56,2.81,2.47,-1,110.05,9.35,51.71,2.88,4.36,11.65,-1,2.92,3.23,9,2.63,4.2,4.58,36.47,13.82
1685,59.45,62.97,54.36,21.96,4.47,2.6,2.16,1.61,4.21,3.29,-1,120.9,15.35,56.42,3.24,4.9,11.65,8.58,2.97,3.41,10,2.89,4.59,4.18,35.38,13.63
1686,51.72,52.91,47.43,22.45,3.41,3.65,2.18,1.57,3.09,2.68,-1,134.97,9.25,46.76,2.94,4.43,4.76,-1,2.76,3.26,10,2.95,4.5,4.26,38.34,13.14
1687,48.63,49.1,44.9,21.96,3.51,2.08,1.92,1.33,2.16,2.37,-1,196.85,7.02,46.43,2.72,4.43,4.76,-1,2.76,3,8.5,2.52,3.78,4.26,38.58,12.5
1688,46.11,44.66,44.28,21.9,2.92,2.08,1.75,1.28,2.96,2.38,-1,108.82,9.13,45.15,2.36,4.78,6.41,6.39,2.83,2.97,8.5,2.47,3.94,4.06,39.61,12.11
1689,43.92,39.79,45.19,22.1,2.87,2.34,1.53,1.11,2.1,1.65,-1,66.02,6.44,41.91,2.91,4.57,4.76,-1,2.74,2.97,-1,2.6,4.33,4.36,36.2,13.49
1690,44.66,43.44,43.3,19.97,3.28,2.34,1.43,1.26,2.2,1.69,-1,45.79,9.25,45.02,3.06,4.28,-1,6.29,2.65,2.91,9,2.87,4.2,3.06,36.44,10.94
1691,44.98,41.75,45.64,21.19,3.21,2.34,1.36,1.23,1.91,1.78,-1,42.33,8.35,50.85,3.33,4.43,4.76,7.63,2.66,2.85,10,2.62,4.03,4.13,35.5,12.65
1692,51.26,55.43,45.32,19.54,4.58,2.8,1.8,1.43,2.35,2.12,-1,69.11,9.42,50.98,2.88,4.61,4.76,7.82,2.63,2.88,9.73,2.59,4.19,4.13,35.97,10.61
1693,59.01,68.97,47.85,21.55,5.71,3.12,2.55,1.69,3.53,2.64,-1,70.5,9.51,45.12,3.21,5.28,4.76,8.96,2.9,3.15,10,2.83,4.36,3.91,36.02,12.9
1694,57.87,65.57,48.64,21.39,5.49,3.12,2.31,1.54,3.53,2.55,-1,77.34,9.51,40.89,3.4,5.07,4.76,9.25,2.85,3.17,12,3.29,4.86,4.44,36.14,12.65
1695,55.2,57.09,51.41,21.35,4.45,2.86,2.05,1.42,3,2.75,-1,112.44,8.55,48.84,3.37,4.97,4.76,9.82,3.03,3.41,12,3.45,4.98,4.86,36.03,12.65
1696,59.86,65.64,52.4,22.13,5.42,2.6,2.17,1.57,3.42,3.02,-1,179.54,9.37,54.95,3.33,5.08,4.76,10.96,3.02,3.35,12,3.34,4.81,4.25,38.52,12.72
1697,59.81,69.42,49.4,21,6.13,4.17,2.29,1.32,3.36,2.6,-1,203.59,9.38,51.28,3.33,4.94,4.14,10.48,2.97,2.97,-1,3.41,4.01,4.27,37.73,11.69
1698,65.28,79.95,51.78,20.6,6.84,4.56,2.75,1.7,3.83,2.93,-1,240.82,9.91,52.07,3.55,4.96,4.14,11.53,3,3.15,-1,3.62,4.58,5.3,40.67,10.43
1699,63.34,75.21,51.68,20.83,5.78,3.12,2.86,1.54,3.77,2.87,-1,208.85,13.36,52.92,3.52,4.87,4.76,10.87,2.97,3.15,10,3.6,4.49,5.3,36.7,11.82
1700,55.86,59.41,49.84,22.28,4.26,2.86,2.2,1.68,3.72,2.62,-1,115.9,10.27,53.72,2.88,4.6,4.76,10.01,2.82,3.03,10,3.66,4.81,5.3,36.57,13.57
1701,48.96,47.19,49.29,19.7,3.43,2.08,1.8,1.32,2.39,1.64,-1,68.34,8.69,52.54,2.63,4.53,4.76,10.29,2.94,3.06,9.78,3.54,4.71,4.56,34.64,11.2
1702,49.19,45.75,51.32,20.53,2.95,1.96,1.83,1.42,2.81,1.94,-1,113.56,9.13,53.42,3,4.74,5.84,10.39,2.88,3.09,-1,3.35,4.99,4.46,35.65,11.82
1703,46.85,44.28,47.25,20.63,2.91,1.96,1.7,1.34,2.32,1.94,-1,88.31,10.05,56.9,2.78,4.63,4.26,9.05,2.84,2.79,8.5,3.03,4.57,4.07,39.16,10.87
1704,48.5,50.64,44.1,19.69,3.68,-1,1.81,1.35,2.58,2.02,-1,72.81,11.24,40.07,2.75,4.13,4.26,10.39,2.72,2.76,8.5,2.85,4.23,4.01,36.11,10.73
1705,44.87,45.27,42.5,18.35,3.03,-1,1.65,1.42,2.51,1.96,-1,147.66,9.17,40.96,2.42,3.97,4.39,-1,2.72,2.64,8.5,2.9,4.06,4.24,37.06,9.09
1706,46.77,47.32,45.05,17.65,2.87,-1,1.94,1.64,3.23,2.09,-1,110.63,9.91,47.39,2.72,4.77,4.26,9.34,2.74,2.61,8.5,2.83,4.22,4.42,31.19,9.98
1707,45.64,46.39,42.7,18.9,2.96,2.08,2.05,1.29,2.56,2.14,-1,109.04,8.95,49.66,2.29,4.34,4.26,7.53,2.7,2.49,8.5,2.77,3.97,4.42,32.15,11.12
1708,50.18,56.41,42.49,18.71,3.87,2.88,2.31,1.6,2.36,2.51,-1,98.79,10.17,47.15,2.36,4.09,4.08,7.05,2.77,2.64,9,2.96,3.85,4.42,34.2,10.24
1709,58.13,74.34,43.02,19.49,6.62,5.21,2.69,1.59,3.62,2.16,-1,97.79,8.45,44.22,2.66,4.38,4.08,6,2.78,2.64,9,3.32,4.48,4.25,34.44,11.03
1710,61.32,78.62,45.3,20.45,6.9,3.86,2.9,1.56,4.17,2.41,-1,143.93,9.51,40.79,2.97,4.56,4.26,6.77,2.81,2.76,9,4.35,4.62,4.25,38.35,10.91
1711,56.93,64.92,48.07,19.99,4.76,3.5,2.64,1.55,3.87,2.44,-1,120.34,10.35,44.4,3.92,5.74,4.26,5.91,2.88,2.94,9,4.29,4.42,5.56,36.32,11
1712,52.72,56.67,46.08,21.66,4.11,2.84,2.21,1.64,3.49,2.29,-1,71.47,9.07,45.46,2.85,4.56,4.08,-1,2.88,2.91,9,3.26,4.2,4.42,38.03,12.33
1713,52.36,56.48,46.06,20.6,4.36,3.33,2.03,1.47,3.02,2.01,-1,89.11,9.04,55.96,2.66,4.29,4.26,7.53,2.93,2.73,9,3.18,4.47,4.37,38.44,11.03
1714,55.71,65.51,44.68,20.6,5.18,3.38,2.38,1.51,3.13,2.51,-1,147.43,9.98,56.63,2.54,3.79,4.26,8.39,2.95,2.55,9,2.9,3.96,3.93,36.63,11.59
1715,50.73,55.34,43.97,20.01,3.66,2.82,2.44,1.42,3.36,2.76,-1,167.4,8.9,51.91,2.42,3.42,4.26,7.72,2.96,2.79,9,2.93,4.16,4.55,36.93,10.84
1716,52.55,57.67,46.56,18.44,4.34,2.64,2.19,1.41,2.85,2.41,-1,146.74,8.9,62.82,2.66,3.85,4.26,7.63,2.94,2.79,9,3.11,4.38,4.88,34.58,9.83
1717,51.27,55.5,45.69,18.82,4.13,2.76,2.07,1.37,2.63,2.17,-1,138.32,9.39,46.63,2.57,4.14,4.17,8.29,3.05,3,9,3.08,4.6,4.73,33.43,10.59
1718,49.09,50.57,46.12,18.71,3.63,2.47,1.93,1.35,2.58,2.09,-1,91.26,9.26,46.36,2.54,4.14,4.26,10.1,2.9,2.94,9,3.07,4.51,4.86,32.69,10.7
1719,49.75,51.22,46.55,19.29,3.27,2.29,2.27,1.42,2.63,2.22,-1,154.67,9.39,52.18,2.6,3.91,4.36,11.34,2.83,2.82,8,2.91,4.37,4.71,34.18,10.89
1720,54.61,59.72,48.27,19.7,3.95,2.68,2.7,1.62,3.48,2.74,-1,93.28,10.59,61.37,2.66,4.01,4.56,9.25,3.11,2.82,8,3.27,4.36,4.82,33.54,11.57
1721,50.91,53.98,46.56,18.7,3.69,2.27,2.32,1.4,2.66,2.23,-1,75.72,10.72,49.68,2.85,4.07,4.56,8.86,2.81,2.79,8.5,3.55,4.32,4.61,31,11.28
1722,46.22,47.3,42.64,19.58,3.46,2.15,1.86,1.25,2.45,1.86,-1,50.97,8.72,39.01,2.72,4.05,4.56,6.96,2.67,2.76,8.5,2.93,4.5,4.61,33.71,11.38
1723,47.11,49.8,42.22,19.03,3.7,2.76,1.94,1.28,3.09,2.11,-1,89.35,7.27,42.06,2.6,3.92,4.56,7.91,2.62,2.7,8.5,2.55,3.98,4.61,33.51,10.81
1724,50.39,54.85,44.1,19.33,3.54,2.84,2.38,1.63,3.47,2.52,-1,101.71,9.77,52.01,2.57,4.09,4.6,7.15,2.86,2.76,8.5,2.53,4.21,4.61,33.9,11.03
1725,52.44,58.3,44.86,19.83,4.26,3.21,2.32,1.43,3.45,2.42,-1,103.75,9.54,51.71,2.72,4.4,4.54,6.1,2.8,2.79,8.5,3.49,3.94,4.54,33.71,11.67
1726,53.95,61.37,44.57,20.93,4.79,3.39,2.33,1.37,3.09,2.5,-1,136.69,9.15,40.57,2.72,4.47,4.53,7.05,2.89,2.91,8.75,3.49,4.16,4.54,36.31,12.07
1727,53.36,59.86,45.67,19.26,4.3,3.73,2.52,1.37,3.23,2.2,-1,69.63,11.49,50.5,2.78,4.58,4.54,6.77,2.83,2.85,8.75,3.22,4.39,4.54,36,10.3
1728,59.91,74.2,46.02,20.31,5.81,4.44,3.26,1.66,3.27,2.66,-1,65.84,10.13,52.65,2.72,4.42,4.52,6.77,2.92,3.03,8.75,3.08,4.36,4.54,35.25,11.71
1729,58.25,67.24,48.38,20.54,4.87,3.53,2.92,1.81,3.37,2.73,-1,63.04,10.13,51.02,2.97,4.76,4.53,7.82,3.11,3.03,8.75,3.7,4.32,4.54,36.43,11.59
1730,49.31,51.83,44.61,19.74,3.57,2.49,2.14,1.43,2.73,2.39,-1,57.8,10.13,35.43,2.91,4.81,4.52,6.86,3.1,3.06,9,3.06,4.54,4.61,36.1,10.79
1731,48.39,48.53,46.17,19.79,3.11,2.3,2.16,1.34,2.52,2.38,-1,83.98,9.64,47.28,2.69,4.78,4.19,8.39,2.98,3,9,2.85,4.55,4.61,35.65,10.99
1732,46.32,44.8,46.76,18.14,2.56,2.11,2.05,1.36,2.48,2.24,-1,140.63,10.65,66.22,2.69,4.57,4.19,7.72,2.92,2.79,9,2.52,4.4,4.72,35.3,9.32
1733,45.93,45.39,44.07,19.77,2.87,2.19,1.93,1.27,2.23,2.19,-1,163.94,8.7,52.83,2.51,4.3,4.19,8.1,2.68,2.64,9.23,2.62,4.21,4.72,34.62,11.29
1734,47.4,50.45,41.85,19.65,3.6,2.78,1.92,1.33,2.49,2.21,-1,122.25,8.7,43.17,2.54,4.31,4.19,7.91,2.61,2.52,8.27,2.5,3.96,4.72,36.38,10.62
1735,49.57,56.06,41.72,18.39,4.24,3.3,1.95,1.46,2.61,2.24,2.52,114.26,9.82,47.43,2.36,4.36,4.34,7.63,2.54,2.49,9.41,2.41,3.68,4.72,31.44,10.76
1736,49.74,55.56,42.01,19.33,4.11,2.9,2.09,1.51,2.57,2.12,-1,109.76,8.88,46.93,2.39,4.34,4.34,6.2,2.8,2.67,9.16,2.58,3.69,4.72,35.14,10.63
1737,49.74,53.61,44.18,18.92,3.51,2.68,2.27,1.62,2.78,2.61,-1,144.46,8.7,54.08,2.57,4.59,4.34,6.48,2.74,2.64,9.23,2.66,4.55,4.72,33.29,10.76
1738,48.34,51.14,43.98,18.31,3.29,2.52,2.15,1.53,3.08,2.58,-1,88.23,10.04,57.98,2.54,4.55,4.34,5.91,2.79,2.67,9,2.96,3.59,4.54,33.29,10.08
1739,47.62,50.9,43.01,17.64,3.65,2.56,2.05,1.33,2.63,2.31,-1,56.55,9.39,49.3,2.66,4.45,4.34,5.72,2.81,2.64,8.43,2.88,4.07,4.32,33.29,9.35
1740,56.54,65.6,47.5,18.58,5.02,3.97,2.48,1.77,3.09,2.66,-1,74.39,10.04,76.69,2.72,4.69,4.34,5.72,3.03,2.79,8.63,3.07,4.2,4.32,35.02,9.86
1741,57.54,66.18,49.16,18.47,5.08,3.27,2.4,1.8,3.92,3.01,-1,70.37,10.85,60.34,3.18,5.55,4.34,5.62,3.42,2.97,9,3.54,4.37,4.46,34.94,9.76
1742,51.52,51.44,50.91,18.74,3.24,2.29,2.43,1.57,2.66,2.56,-1,63.3,9.39,76.69,3.27,5.6,4.29,5.91,3.28,2.88,9,3.51,4.52,4.46,34.94,10.05
1743,46.42,44.73,46.51,19.08,2.67,1.91,2.01,1.47,2.45,2.06,-1,63.23,10.38,54.78,2.72,5.01,4.19,7.15,3.06,2.85,9,2.98,4.32,4.27,33.27,10.94
1744,43.66,41.69,44.58,17.41,2.58,1.81,1.84,1.25,1.99,1.91,-1,83.99,9.05,52.83,2.51,4.5,4.1,7.63,2.84,2.73,9,2.68,4.42,4.41,32.44,9.35
1745,45.44,45.09,43.53,19.27,2.9,2.44,1.63,1.47,2.14,1.88,-1,125.25,10.5,47.93,2.36,4.51,4.06,8.2,2.73,2.7,9,2.63,4.32,4.41,36.1,10.29
1746,47.94,49.84,44.29,18.64,3.6,2.65,1.62,1.33,2.29,1.88,-1,150.11,11.5,45.65,2.6,4.93,4.12,7.82,2.8,2.73,9,2.74,4.41,4.41,37.16,9.35
1747,46.72,46.7,45.3,18.24,3.41,2.44,1.61,1.19,2.1,1.84,2.52,99.43,10.34,46.47,2.69,5.27,4.5,7.43,2.96,2.67,9,2.83,4.44,4.37,31.64,10.52
1748,47.61,50.11,45.25,15.56,3.6,2.6,1.89,1.28,2.13,2.02,-1,97.15,10.04,41.99,2.91,5.25,4.31,7.43,3.06,2.76,9,2.82,4.47,4.82,32.33,7.49
1749,50.12,53.03,45.81,18.66,3.56,2.55,2.11,1.72,2.39,2.27,-1,107.02,9.13,47.54,2.78,5.24,4.1,8.1,2.89,2.73,9,2.92,4.47,4.82,32.64,10.66
1750,49.45,50.58,46.11,20.09,3.48,2.34,1.9,1.55,2.25,2.33,-1,119.11,9.31,56.9,2.72,5.11,4.19,8,2.85,2.52,9,2.78,4.49,4.82,34.12,11.83
1751,51.01,53.29,47.44,18.87,3.76,2.35,2.03,1.59,2.39,2.6,-1,92.03,9.47,47.47,5,4.75,4.19,8,2.93,2.62,7.99,2.97,4.07,4.82,30.59,11.65
1752,54.31,58.32,48.23,21.02,4.31,2.78,2.1,1.62,2.61,2.51,-1,92.75,10.79,47.47,5.2,5.02,4.19,8.5,2.93,2.62,8.63,3.04,3.94,4.82,37.3,11.85
1753,53.57,59.18,45.73,21.08,4.36,2.81,2.25,1.47,2.72,2.36,-1,83.43,11.75,59.34,3.42,5.05,4.19,5.5,2.91,2.59,9,2.91,4.01,4.82,35.05,12.68
1754,53.69,55.16,49.96,21.53,3.74,2.61,2.17,1.59,3.07,2.45,-1,71.11,11.75,72.47,-1,5.5,4.19,6.25,3.13,2.96,9,3.15,4.47,4.82,40.28,11.51
1755,49.77,50.4,47.42,19.54,3.43,2.47,1.89,1.48,2.4,2.24,-1,55.31,12.39,56.55,-1,5.49,4.19,6,3.06,2.7,9,3.39,4.54,4.05,32.33,11.8
1756,52.86,59.16,45.62,18.67,4.28,3.26,2.18,1.65,2.77,2.53,-1,57.01,12.58,45.65,3.3,5.41,4.19,5.5,3.06,2.73,9,3.3,4.52,4.82,28.71,12.14
1757,63.62,79.6,49.36,19.72,6.1,4.47,3.1,1.98,4.11,3.32,-1,69.18,13.42,57.18,3.3,5.41,4.19,7.5,3.15,2.9,8.63,3.46,4.44,4.82,35.02,11.1
1758,60.16,67.72,52.78,19.35,4.89,3.02,2.77,1.88,3.35,2.97,-1,69.28,11.49,64.83,3.58,5.66,4.19,8.5,3.17,3.24,9.23,3.71,4.47,4.82,32.64,11.47
1759,51.99,52.55,50.37,19.24,3.62,2.14,2.02,1.36,2.95,2.25,-1,97.4,11.75,58.05,3.3,5.65,4.19,6.93,3.15,3.18,9.79,3.74,4.42,4.82,31.54,11.73
1760,51.06,51.74,48.23,20.66,3.33,2.19,2.01,1.42,2.43,2.33,-1,135.25,13.35,61.5,2.89,5.39,4.2,6.76,3,2.93,9.79,3.09,4.6,4.82,34.34,12.44
1761,48.2,48.41,47.08,17.86,3.2,2.23,1.8,1.4,2.57,2.31,2.75,80.9,11.52,56.44,2.75,5.54,4.35,5.71,3.03,2.9,8.63,3.33,4.67,4.61,29.44,10.83
1762,52.06,55.98,47.04,18.69,3.79,3.48,2.17,1.59,2.6,2.56,3.29,65.81,12.14,57.54,3.12,5.7,4.19,5.63,2.99,2.76,7.54,3.58,4,4.82,29.14,11.99
1763,57.45,66.61,48.43,18.68,4.04,3.37,2.88,2.04,3.59,3.25,4.36,70.07,15.87,61.4,3.22,5.4,4.19,6.67,2.95,2.84,8.14,3.58,4.2,4.38,31.72,11
1764,58.29,66.71,49.44,19.74,4.77,3.48,2.76,1.77,2.76,3.02,3.01,61.71,14.03,60.39,3.33,5.29,4.19,6.96,3.09,3.07,8.39,3.58,4.11,4.61,31.9,12.21
1765,61.71,71.97,50.5,22.5,5.21,3.72,2.71,1.8,2.96,2.93,3.03,173.04,15.24,62.63,3.51,5.59,4,6.72,3.03,3.18,9.23,3.93,4.15,4.72,40.71,12.44
1766,63.17,72.73,52.89,19.66,4.95,4.01,2.82,2.04,3.7,3.31,3.51,122.63,15.77,66.16,3.55,5.42,4.27,7.21,3.33,3.36,9.78,4.02,4.36,4.72,30.77,12.55
1767,65.48,78.14,52.56,19.61,6.35,3.84,3.16,1.96,3.68,3.04,3.31,78.89,12.01,52.07,3.57,5.45,4.68,6.46,3.69,3.69,10.32,3.95,4.49,5.11,29.14,13.2
1768,62.56,73.57,50.93,20.43,5.98,3.44,2.72,1.81,3.51,2.7,3.01,114.33,12.53,51.37,3.09,5.37,4.68,5.63,3.68,3.47,10.13,4.31,4.54,5.11,34.77,12
1769,57.11,62.7,50.37,20.32,4.88,3.36,2.17,1.64,2.97,2.89,1.88,93.46,14.07,53.81,3.17,5.39,4.68,5.47,3.59,3.36,10.13,3.87,4.56,5.05,31.72,13.02
1770,58.27,63.42,51.89,21.35,4.67,3.7,2.28,1.7,3.11,2.75,1.88,147.54,14.27,56.9,3.72,5.49,4.68,5.56,3.52,3.47,9.32,4.09,4.5,4.8,33.05,13.8
1771,65.69,77.12,53.72,20.33,5.89,4.87,3.2,2.08,3.79,3.16,2.24,121.87,13.17,59.65,3.61,5.61,4.55,6.23,3.65,3.64,10.13,4.35,4.43,5.11,32.02,12.91
1772,70.79,82.63,58.32,21.78,6.34,5.06,3.16,2.02,4.12,3.52,2.59,170.55,15.89,79.18,4,5.76,5.31,5.72,3.84,3.81,10.87,4.59,4.53,5.25,34.26,13.85
1773,73.38,86.11,59.91,23.78,6.38,4.07,3.54,2.14,4.19,3.55,2.14,148.53,19.36,86.64,4.11,5.88,5.31,6.11,3.78,3.87,10.32,4.82,4.44,5.34,38.61,14.65
1774,71.81,86.53,56.98,21.27,6.58,4.45,3.56,2.22,4.13,4,2.5,145.98,15.98,68.55,3.76,5.76,5.54,6.51,3.72,3.92,10.13,4.16,4.27,5.66,38.87,11.64
1775,69.45,81.58,56.6,22.9,6.04,4.25,3.24,2.06,4.01,3.35,2.24,97.31,19.49,68.73,3.58,5.37,5.54,6.67,3.69,3.85,9.74,4.5,4.31,5.36,39.35,13.33
1776,64.57,69.04,58.87,22.7,4.77,3.51,2.52,1.87,3.87,3.14,2.06,105.97,20.01,87.59,3.69,5.59,5.54,6.52,3.7,3.69,9.74,4.41,4.4,6.56,40.44,12.74
1777,68.02,76.15,58.73,22.9,5.69,3.58,2.56,1.95,3.85,3.29,2.34,89.27,22.31,87,3.6,5.9,5.76,6.11,3.73,3.69,9.74,4.44,4.39,5.75,40.44,12.97
1778,64.85,70.6,57.7,23.95,5.24,3.33,2.83,1.89,4.08,3.03,2.61,97.82,13.3,70.35,4,6.35,5.98,5.39,3.68,3.87,10,4.56,4.39,5.56,41.16,13.94
1779,58.76,60.51,55.83,23.11,4.2,2.84,2.44,1.75,3.72,2.78,2.14,62.11,14.05,63.5,3.85,6.35,6.06,4.53,3.77,3.87,10,4.06,4.9,6.48,40.11,13.32
1780,58.66,60.74,55.66,20.48,4.46,2.7,2.12,1.6,3.41,2.6,2.34,61.29,16.11,70.66,3.26,5.96,6.14,5.02,3.78,3.64,10,4.07,4.78,6.48,31.98,13.11
1781,62.6,69.53,54.62,20.7,5.58,3.53,2.14,1.71,3.63,2.7,3.71,62.65,16.36,75.38,3.08,5.62,6.14,4.47,3.73,3.64,10,3.97,4.72,5.94,31.98,13.39
1782,65.05,74.87,54.54,19.93,5.97,3.61,2.81,1.89,3.32,2.86,2.92,63.08,15.01,75.74,3.39,5.65,6.14,4.54,3.73,3.29,10,3.96,4.62,6.48,30.31,13.1
1783,73.67,88.88,58.69,19.33,6.58,4.27,3.79,2.48,4.31,4.27,3.28,131.16,14.73,86,4.45,5.75,6,5.2,3.84,3.7,10,4.1,4.28,5.7,31.98,11.68
1784,74.27,87.43,60.89,20.18,6.1,4.23,3.48,2.28,3.93,3.91,2.54,113.21,23.93,93.65,4.28,5.95,5.86,5.96,3.93,3.75,10,4.31,4.42,6.01,30.41,13.39
1785,68.3,73.87,61.93,19.93,5.22,3.64,3,2.14,3.92,3.79,2.03,111.4,16.18,100.66,3.9,5.73,6.11,5.57,4.2,4.09,10,4.52,3.99,6.44,30.82,12.88
1786,69.74,75.92,62.73,20.33,4.85,3.45,3.04,2.24,4.31,4.34,2.46,104.52,21.95,102.51,4.52,5.98,6.48,5.84,4.13,3.98,10,4.31,3.63,5.89,32.22,12.83
1787,69.49,74.76,63.42,20.31,5.14,3.66,2.83,2.08,4.26,4.01,2.4,128.11,18.79,77.5,4.61,5.89,6.48,7.43,4.36,4.15,10,4.36,4.59,5.89,30.82,13.38
1788,68.72,75.21,61.21,21.5,5.62,3.48,2.75,1.95,3.68,3.14,1.8,192.12,17.97,57.44,4.75,5.68,6.48,7.46,4.4,4.04,10,4.9,4.73,5.89,33.25,13.9
1789,73.12,81.82,63.65,20.94,6.4,3.83,2.85,2,3.54,3.02,2.21,152.54,20.17,87,4.46,5.42,6.48,7.44,4.43,4.04,9.5,4.56,4.24,5.89,30.82,14.23
1790,74.96,83.42,65.65,21.73,6.64,4.15,3.18,2.35,3.97,3.82,1.93,127.57,15.54,-1,4.78,5.96,6.48,7.84,4.36,4.04,9,5.05,4.27,5.89,31.61,14.94
1791,72.53,80.59,63.48,22.31,5.89,4.13,3.25,2.19,3.94,3.55,3.02,109.48,15.69,63.83,5.22,5.97,6.48,7.65,4.45,4.04,9,5.61,4.18,5.89,31.61,15.75
1792,72.96,77.28,67.91,21.1,5.21,3.72,3.5,2.03,4.12,3.95,2.12,117.52,17.95,81.68,5.29,6.01,6.48,9.78,4.66,4.21,9,5.24,4.04,5.89,28.91,15.4
1793,78.37,87.14,68.8,22.12,5.97,4.52,3.77,2.49,4.98,4.18,1.79,109.88,-1,98.7,5.1,6.33,6.48,7.61,4.61,4.32,9.92,5.47,4.05,5.89,28.56,17.14
1794,82.72,94.51,70.37,22.26,6.34,4.88,3.85,2.58,5.86,4.21,2.61,217.55,-1,105.19,5.46,6.58,6.48,7.89,4.58,4.27,10,5.58,4.06,5.89,28.91,17.14
1795,97.35,121.17,75.1,22.49,9.11,6,4.54,2.96,6.68,5.29,4.13,100.3,-1,124.32,5.46,7.03,6.48,8.68,4.94,4.38,10,5.64,4.58,6.43,28.91,17.5
1796,99.18,117.13,81.62,22.74,9.53,6.03,4.28,2.65,5.75,4.56,2.52,117.27,30.13,131.39,5.52,7.11,7.09,9.02,5.68,4.67,10.83,7.23,5.33,6.19,28.91,17.89
1797,87.13,88.12,86.06,23.79,6.52,4.16,3.29,1.97,4.04,3.1,2.45,124.24,26.13,105.03,6.17,7.64,8.98,8.73,6.48,5.67,11,7.45,5.38,6.68,31.33,18.07
1798,81.09,83.86,77.61,24.13,6.28,4.04,3.52,2.35,3.88,3.42,2.24,124.48,15.92,62.91,6.56,7.5,8.98,8.41,6.31,5.69,10.33,6.32,4.87,6.19,32.55,17.89
1799,98.62,115.13,81.89,25.33,8.37,4.56,4.39,3.33,5.05,5.14,2.96,279.94,25.88,89.33,5.53,7.85,8.98,10.95,6.18,5.56,9.83,5.65,4.95,7.17,35.14,18.25
1800,133.02,179.32,93.89,25.12,13.8,7.11,7.25,4.77,8.38,7.43,6.38,374.67,29.62,114.76,6.74,9.3,8.98,10.54,7.05,6.32,11.58,6.93,5.79,7.56,33.36,18.92
1801,142.8,187.63,104.17,26.07,14.49,9.87,8.31,4.49,8.45,7.84,4.73,322.4,33.37,123.62,6.61,9.62,8.98,11.69,7.91,7.2,15.21,9.95,6.34,8.69,33.36,20.38
1802,104.32,105.77,103.26,25.33,8.47,5.38,4.04,2.47,4.86,4.17,2.52,91.09,25.96,120.56,6.61,8.8,8.98,12.12,8.36,7.35,15.67,8.6,6.46,8.79,32.55,19.71
1803,100.66,98.92,102.92,27.86,7.13,4.62,3.07,2.61,4.88,3.87,2.99,171.17,34.16,133.23,7.16,9.14,8.98,12.08,7.88,7.16,13.17,7.45,6.53,8.55,35.39,21.93
1804,101.31,100.86,101.86,28.55,7.55,4.65,3.76,2.94,5.04,4.46,2.86,108.3,23.32,119.15,7.78,9.33,9.57,13.35,7.9,6.83,11.92,6.78,6.52,7.66,36.45,22.36
1805,119.62,136.67,101.96,30.9,10.88,6.78,5.4,3.44,5.79,5.29,2.24,108.54,36.51,105.03,7.95,9.76,10.28,14.97,7.92,6.65,12,6.78,6.09,8.6,36.91,25.87
1806,110.75,121.07,99.35,30.7,9.59,6.04,4.69,3.34,5.91,5.26,2.38,155.82,25.36,97.38,7.11,9.58,10.83,13.77,7.97,6.42,12.08,7.24,6.15,7.86,37.55,25.09
1807,114.84,126.69,101.61,33.64,9.13,6.26,4.77,3.44,7.87,5.56,2.8,116.19,38.08,112.39,7.68,10.29,11.36,12.58,7.51,6.77,12,7.08,5.62,8.1,38.44,29.43
1808,121,133.46,106.77,37.96,9.86,7.23,5.26,4.04,11.63,6.66,3.36,95.43,28.86,124.76,8.28,11.08,11.77,11.46,7.58,7.05,12.04,7.52,6.92,8.87,38.32,37.6
1809,129.75,143.49,114.49,37.76,11.8,7.09,5.7,3.81,10.45,7.12,3.22,90.2,27.07,130.45,8.3,11.16,11.96,16.07,7.89,6.94,13,8.49,8.28,9.09,38.32,37.21
1810,137.69,155.54,118.47,39.43,12.9,7.43,5.83,3.47,7.35,6.75,3.15,124.85,39.27,154.81,8.59,11.38,12.79,14.76,8.45,7.28,13,8.88,6.47,8.74,38.82,40.04
1811,134.12,147.15,120.16,34.62,11.55,5.66,5.12,3.34,6.2,5.83,3.01,173.13,48.18,179.23,8.9,12.76,13.57,10.75,8.7,7.5,13,8.72,6.17,8.79,38.75,30.93
1812,153.97,193.58,117.29,35.65,15.34,9.18,8.09,5.4,8.87,8.49,4.24,150.15,38.42,120.87,9.3,12.84,13.77,12.21,8.88,7.85,13,8.75,6.92,8.99,43.7,29.08
1813,147.6,172.96,122.02,37.8,13.31,9.59,7.09,4.67,10.57,9.74,5.2,262.79,27.8,113.51,7.54,12.23,14.43,13.82,9.28,8.42,13.44,10.75,8.61,13.95,45.98,31.08
1814,123.93,121.4,126.61,38.06,9.01,5.97,4.53,3.11,6.98,5.75,3.3,198.55,28.82,116.83,7.17,12.63,13.77,17.23,9.56,8.87,17.08,10.31,9.12,14.24,45.98,31.51
1815,111.53,105.39,118.55,37.84,7.95,5.08,3.67,2.86,5.3,4.57,3.3,186.35,24.34,119.95,7.14,13.2,14.29,17.82,8.49,7.43,15.73,8.14,7.28,12.03,46.16,31.02
1816,111.17,121.72,98.93,35.27,9.52,5.09,4.11,3.29,4.73,3.95,3.48,220.02,29.99,112.75,6.99,9.78,13.83,11.89,7.18,6.26,11.85,6.2,5.44,10.29,43.7,28.46
1817,123.08,150.02,96.74,33.07,11.75,6.95,5.98,3.93,6.75,5.77,3.97,340.82,26.64,105.18,5.77,9.32,14.49,14.05,6.41,6.14,12,7.03,5.31,9.58,42.67,25.63
1818,131.56,150.45,111.17,40.26,10.46,6.84,6.53,3.93,6.3,7.24,4.04,305.13,34.39,133.38,7.89,11.77,15.15,18.76,5.86,6.22,14.27,7.57,7.48,9.87,41.94,38.64
1819,125.98,133.34,117.4,36.07,9.03,6.98,5.55,3.42,7.13,7.42,4.18,91.43,39.61,145.33,8.46,10.8,15.15,13.41,7.68,7.51,15.67,8.67,6.74,11.74,40.67,31.98
1820,105.63,106.12,104.65,32.2,8.22,5.2,4.1,2.93,5.45,5.41,3.57,78.62,21.11,97.48,6.57,9.53,15.15,12.98,7.96,7.47,14.75,7.3,6.63,9.87,41.94,24.72
1821,91.26,89.55,92.69,30.34,6.8,4.1,3.15,2.36,4.1,4.55,3.46,61.07,22.81,79.77,6.49,9.2,15.15,10.91,6.97,6.6,13,5.88,5.57,9.33,37.35,24.65
1822,81.02,79.95,81.44,29.01,5.41,2.83,2.65,2.19,3.35,3.71,4.47,73.26,27.46,88.93,5.76,8.2,14.66,10.09,5.51,4.55,10.8,5.24,4.63,7.91,38.57,21.82
1823,91.4,97.35,83.69,32.51,6.47,3.98,3.82,2.78,3.98,3.66,2.96,138.52,30.47,111.13,6.02,8.11,14.14,10.49,5.23,4.66,10.36,4.87,4.73,8.25,38.57,27.4
1824,105.41,113.95,95.62,30.95,7.75,5.18,4.41,3.01,4.66,4.39,3.59,156.85,35.27,141.63,7.09,9.06,14.14,11.31,6.02,5.35,11.8,6.59,4.37,7.78,40.81,23.47
1825,113.5,123.07,103.15,29.46,8.31,5.28,4.85,3.11,6.07,5.31,3.84,370.1,32.34,127.22,7.94,9.98,14.14,13.25,6.73,6.03,13.25,7.69,4.85,8.35,40.81,21.26
1826,103.32,108.6,97.14,29.36,7.11,5.14,4.16,3.23,6.08,5.73,4.2,152.04,29.11,119.97,7.05,9.95,14.14,8.07,7.15,6.6,14,6.73,4.7,8.99,40.81,21.12
1827,103.77,109.67,97.21,27.52,7.09,5.02,4.56,3.42,6.44,6.78,3.97,97.4,28.46,137.18,6.9,9.45,14.14,7.94,7.03,6.37,14,6.38,4.93,8.28,40.18,18.84
1828,97.03,99.12,94.26,29.05,7.33,4.27,3.98,2.73,5.01,5.15,2.77,93.87,22.55,106.07,7.54,8.82,14.14,8.93,6.77,6.14,12.52,7.12,4.85,7.64,40.81,20.68
1829,96.35,105.82,85.6,29.1,8.03,4.35,3.94,2.76,4.5,4.84,3.43,141.86,24.09,85.3,6.46,8.45,13.84,7.28,6.52,5.63,13.64,6.54,4.77,7.96,40.81,20.75
1830,96.88,111.63,81.46,-1,7.79,4.48,3.95,2.96,4.83,4.75,3.79,236.16,32.34,84.86,6.14,8.46,13.84,8.3,5.62,5.18,10.54,5.56,4.43,8.08,40.81,18.42
1831,98.6,110.45,85.81,-1,8.04,5,4.61,3.07,5.18,4.92,3.59,117.3,23.15,80.18,6.87,9.33,13.52,9.99,6,5.57,11.18,5.4,5.03,-1,40.81,15.96
1832,93.3,98.87,86.9,-1,7.11,4.32,4.01,2.48,4.85,4.57,2.39,146.7,25.71,87.78,7.08,8.67,13,10.66,5.39,5.68,-1,6.3,4.86,-1,-1,-1
1833,85.92,88.01,83.41,-1,6.42,4.11,3.33,2.23,4.59,4.12,3.3,-1,20.77,76.08,7.05,8.28,13,11.58,5.12,5.22,-1,6.01,5,-1,-1,-1
1834,86.26,87,85.35,-1,5.6,4.09,3.52,2.54,4.77,4.26,4.59,105.05,21.28,97.73,6.31,7.95,12,15.11,5.12,5.34,-1,5.03,4.87,-1,-1,-1
1835,82.96,84.14,81.54,-1,4.77,3.79,3.63,2.67,4.63,4.51,3.72,117.3,26.9,99.49,6.09,8.42,12,14.45,4.72,4.43,-1,4.82,4.62,-1,-1,-1
1836,89.92,90.77,88.87,-1,5.88,4.17,3.98,2.8,4.65,4.56,3.51,-1,21.79,94.22,7.03,9.63,12,15.79,5.39,4.77,12.51,5.99,4.75,-1,-1,-1
1837,94.71,99.24,89.45,-1,6.77,4.34,3.68,2.8,4.91,5.11,4.8,91.58,26.56,100.52,7.01,10.22,12,12.23,5.39,5.22,12.18,6.44,4.59,-1,-1,-1
1838,99.16,103.87,93.68,-1,7.83,4.39,3.81,2.72,4.8,4.5,3.11,78.1,28.6,115,7.05,9.68,12,13.2,5.65,5.22,13.17,6.97,5.17,-1,-1,-1
1839,105.65,118.65,91.66,-1,8.57,5.25,4.79,3.14,5.04,4.89,5.98,78.1,26.9,104.76,6.98,10.07,12,14.2,5.39,5.22,11.85,6.56,4.93,-1,-1,-1
1840,100.47,110.93,89.01,-1,8.04,4.62,4.42,3.11,5.64,5.39,4.64,62.18,25.88,91.44,7.08,10.34,12,12.26,5.66,5.11,-1,6.22,5.13,-1,-1,-1
1841,99.98,108.54,90.42,-1,7.8,4.59,3.98,2.72,5.13,5.08,4.06,168.75,28.09,94.35,7.1,10.2,12,10.07,6.2,5.68,-1,6.59,4.86,-1,-1,-1
1842,90.04,95.08,84.23,-1,6.94,4.12,3.33,2.33,4.47,4.53,4.2,102.6,25.71,90.71,6.76,9.49,12,9.17,5.66,5.22,11.85,5.5,4.82,-1,-1,-1
1843,84.31,92.34,75.43,-1,6.07,3.82,3.58,2.22,4,3.58,2.7,-1,33.71,88.99,6.29,8.66,12,9.06,4.58,4.31,-1,4.46,4.35,-1,-1,-1
1844,85.84,93.85,76.97,-1,6.21,4.24,4.08,2.5,4,4.13,4,165.69,21.28,86.91,5.71,8.72,12,10.88,4.58,4.31,-1,5.15,4.17,-1,-1,-1
1845,88.57,94.74,81.56,-1,6.16,4.06,3.84,2.73,4.6,4.69,3.47,147.92,25.36,108.85,5.88,9.3,12,12.3,4.31,4.54,-1,5.47,4.04,-1,-1,-1
1846,92.17,96.81,86.79,-1,6.63,4.38,3.96,2.87,4.89,4.8,5.11,86.68,22.13,87.2,7.07,9.63,11,13,5.44,5.98,-1,5.62,4.11,-1,-1,-1
1847,108.23,125.49,90.31,-1,8.46,6.12,5.36,3.48,5.81,6.01,10.18,68.92,21.96,81.46,7.15,9.81,11,12,5.9,6.26,15.8,6.75,4.98,-1,-1,-1
1848,86.97,87.81,85.94,-1,6.12,3.8,3.82,2.49,5.44,4.76,4.06,91.58,18.39,77.35,7.05,9,10,11,6,5.84,14.48,6.44,4.89,-1,-1,-1
1849,83.53,88.44,77.89,-1,5.37,3.21,3.36,2.12,4.42,4.04,7.3,220.2,21.45,70.52,6.83,8.57,10,10,5.02,4.74,13.6,6.33,4.22,-1,-1,-1
1850,75.59,74.54,76.87,-1,4.88,2.91,2.84,1.99,3.58,3.68,4.72,152.82,16.85,77.11,6.59,8.11,10,11,4.77,4.61,13.83,5.57,3.91,-1,-1,-1
1851,76.53,77.09,75.61,-1,4.67,-1,3,2.25,3.4,3.58,5.11,270.42,17.19,83.43,5.77,8.29,8,12.5,4.59,4.74,-1,5.04,-1,-1,-1,-1
1852,76.14,80.16,71.97,-1,4.94,-1,3.46,2.31,3.82,3.8,5.11,130.78,17.7,61.51,5.61,8.27,7,13.63,4.71,4.74,13.17,5.04,4.34,-1,-1,-1
1853,90.9,95.07,86.48,-1,6.46,-1,4.02,2.55,4.81,3.77,4.2,315.74,20.09,99.35,6.11,8.9,8,16,5.77,5.84,13.17,5.58,4.58,-1,-1,-1
1854,102.85,114.47,91.96,-1,8.78,-1,4.37,3.38,5.83,5.62,4.12,206.92,24.17,103.62,7.12,10.61,7.5,15.5,6.39,5.84,-1,6.14,4.7,-1,-1,-1
1855,103.37,114.84,92.6,-1,9.05,-1,4.21,3.32,5.74,5.54,5.27,179.44,19.24,103.69,6.82,10.2,9.59,13,6.62,5.78,15.8,6.12,5.16,7.89,-1,-1
1856,102.86,109.69,95.98,-1,8.39,-1,4.98,3.05,5.3,5.15,4.66,108.59,17.7,99.98,7.48,10.98,9.91,16,6.31,5.78,15.8,6.5,5.34,7.89,-1,-1
1857,100.06,104.61,95.25,-1,6.83,-1,5.1,3.03,5.02,5.23,5.9,109.52,18.56,77.36,7.18,11.09,9.87,20.5,6.4,5.78,15.8,6.78,5.52,8.3,-1,-1
1858,89,88.89,88.68,-1,5.36,-1,4.2,2.97,5.14,5.04,5.04,94.17,18.73,76.54,7.04,10.41,9.37,15.63,6.16,5.5,15.8,6.08,4.99,7.47,-1,-1
1859,90.02,86.59,93.14,-1,5.3,-1,4.06,2.81,4.83,5.05,4.87,92.37,18.04,86.43,7.12,10.38,9.12,18.63,6.25,5.84,15.8,6.07,5.47,8.24,-1,-1
1860,103.1,102.65,103.05,-1,6.46,-1,4.44,2.96,5,5.16,6.27,160.25,21.96,122.91,7.96,10.96,9,20.13,6.49,6.26,15.8,6.79,5.49,8.43,-1,-1
1861,103.28,105.45,100.66,-1,6.71,-1,4.38,2.88,4.56,5.01,6.99,166,23.15,118.59,6.87,10.56,9.87,19.5,6.37,6.26,15.8,6.8,5.03,8.44,-1,-1
1862,98.97,103.57,94.11,-1,6.72,-1,4.25,2.74,4.63,4.39,6.43,156.54,24.51,86.76,6.67,10.3,10,20.5,6.04,5.98,15.8,6.62,4.5,8.04,-1,-1
1863,91.65,90.12,92.74,-1,5.43,-1,4.11,2.57,4.37,4.38,5.55,131.91,21.11,75.33,6.9,10.23,9.49,22.63,6.46,5.98,-1,6.34,3.99,8.01,-1,-1
1864,89.5,81.69,97.58,-1,4.87,-1,3.63,2.44,4.38,4.61,4.76,162.11,18.73,78.57,6.77,10.52,9.75,27.38,6.82,6.39,15.8,6.46,4.44,8.21,-1,-1
1865,96.13,84.8,108.44,-1,5.07,-1,3.61,2.65,4.57,5.02,5.05,138.42,20.43,106.62,7.3,11.16,11.96,25.75,7,7.22,15.8,7,5.29,8.07,-1,-1
1866,102.93,99.56,105.9,-1,6.05,-1,4.54,2.98,4.69,5.48,5.68,164.76,-1,93.71,7.13,11.64,12.49,23.5,7.18,6.88,17.12,6.74,5.67,7.76,-1,-1
1867,106.66,116.96,96.79,-1,7.81,-1,4.85,3.15,5.12,5.34,7.08,136.43,-1,91.48,6.52,11,11.49,18.88,6.8,6.26,17.12,5.64,5.01,8.26,-1,-1
1868,105.27,116.5,94.66,-1,7.73,-1,5.21,3.41,5.52,5.81,6.48,74.05,-1,86.17,7.02,10.55,10.95,17.5,6.53,5.84,17.12,5.71,5.59,9.45,-1,-1
1869,102.56,98.69,106.07,-1,5.84,-1,4.78,3.15,4.83,5.34,6.12,84.74,-1,121.81,7.07,12.46,10.68,18.13,7.07,6.39,16.46,7.11,5.71,8.85,-1,-1
1870,98.32,94.31,102.01,-1,5.69,-1,4.19,2.77,4.67,5.24,6.96,83.25,-1,96.64,7.16,11.87,9.8,16.75,7.22,6.53,15.8,7.89,5.47,9.37,-1,-1
1871,107.99,104.86,110.69,-1,6.87,-1,4.39,3.05,4.9,5.18,6.36,101.64,-1,134.02,7.05,12.85,9.95,21.38,7.89,7.36,15.8,6.39,5.07,10.82,-1,-1
1872,105.66,106.22,104.59,-1,6.91,-1,4.53,2.81,4.86,4.91,6.82,124.25,-1,79.83,6.87,12.39,10.51,25.63,7.81,7.63,-1,6.62,4.35,11.79,-1,-1
1873,108.89,111.5,105.84,-1,7.11,-1,4.9,3.08,4.86,5.17,7.11,122.02,-1,74.39,7.05,12.14,11.22,24.5,8.73,7.84,-1,6.76,4.23,11.86,-1,-1
1874,104.76,113.54,96.2,-1,6.76,-1,5.45,3.5,5.18,5.75,6.56,158.05,-1,51.47,6.33,12.86,12.55,20.75,8.13,6.6,-1,6.72,4.31,11.87,-1,-1
1875,98.7,97.29,99.65,-1,5.48,-1,4.66,3.48,5.17,5.51,6.04,115.06,-1,-1,6.57,12.71,12.55,19.75,8.22,7.36,-1,7.34,5,11.47,-1,-1
1876,103.11,96.75,109.34,-1,5.6,-1,4.26,3.18,4.87,4.91,7.15,113.32,-1,105.81,6.3,13.16,12.55,17.75,8.16,7.22,-1,7.57,4.84,11.55,-1,-1
1877,107.04,109.5,104.14,-1,6.88,-1,4.81,3.14,4.79,4.44,7.34,116.3,-1,100.09,7.14,13.19,12.85,16.25,7.4,6.74,-1,6.64,4.52,10.93,-1,-1
1878,98.51,97.86,98.69,-1,5.63,-1,4.87,2.95,4.4,4.86,6.84,92.94,-1,88.38,6.19,12.55,12.85,15,7.44,6.88,-1,6.54,3.89,9.37,-1,-1
1879,91.13,91.68,90.14,-1,5.31,-1,4.12,2.64,4.31,4.71,7.37,115.31,-1,78.82,5.39,11.05,12.49,12.5,7,6.53,-1,6.3,3.44,8.34,-1,-1
1880,94.42,92.24,96.18,-1,5.38,-1,4.01,2.8,4.54,4.96,7.27,114.31,-1,80.76,6.76,11.18,10.95,15.13,7.35,6.74,-1,6.96,3.7,9.93,-1,-1
1881,94.16,90.92,97.06,-1,5.5,-1,3.87,2.64,4.51,4.82,6.71,117.05,-1,85.55,6.19,12.92,10.95,12.38,7.16,7.15,-1,7.38,4.21,8.6,-1,-1
1882,96.3,92.84,99.41,-1,5.47,-1,3.78,2.65,4.41,4.73,7.26,230.37,-1,104.76,6.29,12.56,10.95,11.25,7.6,7.49,-1,7.03,4.69,9.23,-1,-1
1883,92.33,90.06,94.56,-1,5.04,-1,3.86,2.6,4.4,4.62,7.18,208.5,-1,74.91,6.48,12.38,11.31,10,7.94,7.63,-1,6.72,4.56,10.65,-1,-1
1884,86.74,82.22,90.04,-1,4.32,-1,3.72,2.46,3.87,3.98,6.8,156.31,-1,79.01,6.29,12.24,10.36,10,7.55,6.6,-1,6.18,4.02,9.74,-1,-1
1885,81.41,77.64,84.26,-1,3.98,-1,3.65,2.5,3.75,3.75,6.54,93.19,-1,71.98,6.76,11.19,10.17,9.88,6.89,5.84,-1,5.75,3.36,9.08,-1,-1
1886,77.53,71.21,81.68,-1,3.76,-1,3.22,2.3,3.49,3.79,6.23,72.32,-1,80.18,5.52,11.11,9.81,10,6.39,6.25,-1,5.31,2.94,8.99,-1,-1
1887,76.56,70.15,80.75,-1,3.94,-1,3.07,1.97,3.26,3.87,6.96,73.31,-1,83.4,6.19,11.46,9.71,10.5,6.09,5.25,-1,5.03,2.88,9.07,-1,-1
1888,78.87,71.8,83.44,-1,3.86,-1,3.37,2.03,3.25,3.72,6.5,91.95,-1,102.42,5.81,11.63,9.69,10.38,6.11,5.88,-1,4.86,3.17,8.66,-1,-1
1889,78.64,71.34,83.33,-1,3.61,-1,3.13,2.15,3.66,3.81,7.05,88.97,-1,90.71,5.62,11.63,9.22,11,6.2,6.25,-1,5.25,3.07,8.83,-1,-1
1890,75.62,75.18,76.75,-1,3.87,-1,3.48,2.25,3.66,3.61,6.54,116.05,-1,69.06,5.43,10.96,9.17,11,6.03,5.63,-1,4.84,2.83,8.72,-1,-1
1891,77.79,81.58,77,-1,4.49,-1,3.42,2.43,3.98,4,7.49,124.75,-1,69.41,5.33,11.5,9.11,9.75,6.67,5.25,-1,4.71,2.88,9.67,-1,-1
1892,77.96,73.45,81.14,-1,3.67,-1,3.17,2.4,3.85,3.75,6.26,127.24,-1,86.1,5.24,11.62,9.95,8.75,6.28,5.25,-1,5.59,2.98,9.2,-1,-1
1893,81.48,69.71,88.75,-1,3.19,-1,3.1,2.27,3.53,3.47,6.25,138.67,-1,126.67,5.05,10.83,10.09,10.25,6.44,5.25,-1,6.07,3.69,9.58,-1,-1
1894,77.61,65.07,85.35,-1,2.77,-1,2.97,2.07,3.18,3.11,6.92,101.64,-1,128.17,5.05,10.08,9.86,10.13,6.08,5.25,-1,5.58,3.13,9.46,-1,-1
1895,69.14,59.52,75.1,-1,2.8,-1,2.66,1.76,3.2,3.19,6.49,73.81,-1,80.35,4.48,9.61,8.9,12,5.89,5.5,-1,4.5,2.8,8.94,-1,-1
1896,66.45,61.84,69.58,-1,3.17,-1,2.78,1.79,3.15,3.28,6.27,71.07,-1,80.07,3.81,9.71,8,11.5,5.29,4.88,-1,4.16,2.33,9.07,-1,-1
1897,70.1,65.22,73.4,-1,3.66,-1,2.85,2.05,3.05,3.27,5.5,79.27,-1,80.7,4.86,9.61,8.1,9.63,5.51,5.13,-1,5.21,2.07,8.63,-1,-1
1898,71.1,72.74,71.2,-1,4.12,-1,3.29,2.23,3.53,3.55,5.65,104.87,-1,78.37,4.1,9.35,7.96,8.75,5.31,4.63,-1,5.46,2.34,9.08,-1,-1
1899,70.07,65.85,73.02,-1,3.11,-1,3.1,2.06,3.64,3.72,5.61,111.58,-1,75.24,5.05,9.87,8.12,8.25,5.79,5.13,-1,-1,2.51,8.82,-1,-1
1900,72.43,64.65,77.33,-1,3.26,-1,3.02,2.13,3.88,3.79,4.84,99.65,-1,83.36,5.05,10.23,8.39,7.88,6.22,5.63,-1,5.25,2.93,9.59,-1,-1
1901,73.68,66.28,78.39,-1,3.24,-1,3.05,2.23,4.08,4.1,5.14,98.91,-1,94.52,4.86,10.23,8.92,6.88,5.91,5.5,-1,5.47,3.24,9.68,-1,-1
1902,75.73,68.47,80.38,-1,3.41,-1,3.11,2.45,4.06,4.13,4.94,103.63,-1,101.19,5.14,10.17,9.15,6.25,6.37,5.5,-1,5.38,3.85,9.26,-1,-1
1903,75.47,66.52,81.06,-1,3.24,-1,2.75,2.08,-1,4.1,6.5,-1,-1,87.78,-1,11.5,-1,7.25,6.04,5.88,-1,-1,3.05,9.6,-1,-1
1904,76.49,64.29,84.01,-1,3.44,-1,2.71,1.98,-1,3.77,5.58,-1,-1,81.93,-1,12.25,-1,10.13,5.91,6.25,-1,-1,2.74,10.02,-1,-1
1905,80.41,73.97,84.65,-1,3.6,-1,2.95,2.1,-1,4.11,8.77,-1,-1,80.18,-1,11.75,-1,12.38,5.97,6.38,-1,-1,2.79,10.34,-1,-1
1906,77.23,72.75,80.39,-1,3.43,-1,2.93,2.22,-1,4.44,7.97,-1,-1,76.5,-1,-1,7.97,13.38,5.91,6.63,-1,-1,3.1,11.35,-1,-1
1907,77.98,71.65,82.14,-1,3.71,-1,3.04,2.28,-1,3.19,6.57,-1,-1,78.82,-1,-1,8.28,12.25,5.97,6.75,-1,-1,3.58,11.28,-1,-1
1908,82.07,72.76,87.9,-1,3.88,-1,3.13,2.16,-1,4.35,6.39,-1,-1,72.33,-1,12.75,8.41,8.5,5.97,6.5,-1,-1,3.24,11.02,-1,-1
1909,84,79.77,87.12,-1,4.48,-1,3.25,2.29,-1,4.24,7.52,-1,-1,74.18,-1,12.5,8.44,9,6.24,5.75,-1,-1,3.28,11.36,-1,-1
1910,84.07,73.32,90.75,-1,3.84,-1,2.8,2.1,-1,4.46,8.08,-1,-1,74.18,-1,12.5,8.31,9.88,6.44,6.5,-1,-1,3.65,11.23,-1,-1
1911,86.97,80,91.56,-1,3.84,-1,3.3,2.28,-1,4.44,9.15,-1,-1,92.72,-1,12,8.65,10,6.04,6.13,-1,-1,3.57,11.66,-1,-1
1912,94.66,82.55,102.19,-1,4.21,-1,3.72,2.61,-1,4.56,6.85,-1,-1,106.64,-1,13.25,9.09,10.5,6.98,-1,-1,-1,3.59,12,-1,-1
1913,91.49,74.61,101.92,-1,3.84,-1,3.3,2.31,-1,4.49,6.27,-1,-1,99.69,-1,13.5,9.08,12.38,6.85,-1,-1,-1,3.64,12.21,-1,-1
1914,94.63,86.21,100.08,-1,4.23,-1,3.29,2.54,-1,4.24,10.54,-1,-1,71.87,-1,-1,9.31,12.63,7.25,-1,-1,-1,3.53,13.1,-1,-1